/*
 Navicat Premium Dump SQL

 Source Server         : Docker-MySql
 Source Server Type    : MySQL
 Source Server Version : 80046 (8.0.46)
 Source Host           : localhost:3306
 Source Schema         : demonet

 Target Server Type    : MySQL
 Target Server Version : 80046 (8.0.46)
 File Encoding         : 65001

 Date: 24/06/2026 18:28:39
*/

SET NAMES utf8mb4;
SET FOREIGN_KEY_CHECKS = 0;

-- ----------------------------
-- Table structure for item_tag_mapping
-- ----------------------------
DROP TABLE IF EXISTS `item_tag_mapping`;
CREATE TABLE `item_tag_mapping` (
  `item_id` bigint NOT NULL,
  `tag_id` bigint NOT NULL,
  PRIMARY KEY (`item_id`,`tag_id`)
) ENGINE=InnoDB DEFAULT CHARSET=utf8mb4 COLLATE=utf8mb4_0900_ai_ci;

-- ----------------------------
-- Records of item_tag_mapping
-- ----------------------------
BEGIN;
INSERT INTO `item_tag_mapping` (`item_id`, `tag_id`) VALUES (1, 221);
INSERT INTO `item_tag_mapping` (`item_id`, `tag_id`) VALUES (1, 222);
INSERT INTO `item_tag_mapping` (`item_id`, `tag_id`) VALUES (1, 223);
INSERT INTO `item_tag_mapping` (`item_id`, `tag_id`) VALUES (2, 293);
INSERT INTO `item_tag_mapping` (`item_id`, `tag_id`) VALUES (2, 294);
INSERT INTO `item_tag_mapping` (`item_id`, `tag_id`) VALUES (2, 295);
INSERT INTO `item_tag_mapping` (`item_id`, `tag_id`) VALUES (3, 222);
INSERT INTO `item_tag_mapping` (`item_id`, `tag_id`) VALUES (3, 296);
INSERT INTO `item_tag_mapping` (`item_id`, `tag_id`) VALUES (3, 298);
INSERT INTO `item_tag_mapping` (`item_id`, `tag_id`) VALUES (4, 247);
INSERT INTO `item_tag_mapping` (`item_id`, `tag_id`) VALUES (4, 279);
INSERT INTO `item_tag_mapping` (`item_id`, `tag_id`) VALUES (4, 280);
INSERT INTO `item_tag_mapping` (`item_id`, `tag_id`) VALUES (5, 259);
INSERT INTO `item_tag_mapping` (`item_id`, `tag_id`) VALUES (5, 298);
INSERT INTO `item_tag_mapping` (`item_id`, `tag_id`) VALUES (5, 322);
INSERT INTO `item_tag_mapping` (`item_id`, `tag_id`) VALUES (6, 221);
INSERT INTO `item_tag_mapping` (`item_id`, `tag_id`) VALUES (6, 223);
INSERT INTO `item_tag_mapping` (`item_id`, `tag_id`) VALUES (6, 284);
INSERT INTO `item_tag_mapping` (`item_id`, `tag_id`) VALUES (7, 253);
INSERT INTO `item_tag_mapping` (`item_id`, `tag_id`) VALUES (7, 254);
INSERT INTO `item_tag_mapping` (`item_id`, `tag_id`) VALUES (7, 255);
INSERT INTO `item_tag_mapping` (`item_id`, `tag_id`) VALUES (8, 263);
INSERT INTO `item_tag_mapping` (`item_id`, `tag_id`) VALUES (8, 264);
INSERT INTO `item_tag_mapping` (`item_id`, `tag_id`) VALUES (8, 317);
INSERT INTO `item_tag_mapping` (`item_id`, `tag_id`) VALUES (9, 254);
INSERT INTO `item_tag_mapping` (`item_id`, `tag_id`) VALUES (9, 281);
INSERT INTO `item_tag_mapping` (`item_id`, `tag_id`) VALUES (9, 283);
INSERT INTO `item_tag_mapping` (`item_id`, `tag_id`) VALUES (10, 280);
INSERT INTO `item_tag_mapping` (`item_id`, `tag_id`) VALUES (10, 287);
INSERT INTO `item_tag_mapping` (`item_id`, `tag_id`) VALUES (10, 288);
INSERT INTO `item_tag_mapping` (`item_id`, `tag_id`) VALUES (11, 250);
INSERT INTO `item_tag_mapping` (`item_id`, `tag_id`) VALUES (11, 251);
INSERT INTO `item_tag_mapping` (`item_id`, `tag_id`) VALUES (11, 260);
INSERT INTO `item_tag_mapping` (`item_id`, `tag_id`) VALUES (12, 249);
INSERT INTO `item_tag_mapping` (`item_id`, `tag_id`) VALUES (12, 259);
INSERT INTO `item_tag_mapping` (`item_id`, `tag_id`) VALUES (12, 275);
INSERT INTO `item_tag_mapping` (`item_id`, `tag_id`) VALUES (12, 310);
INSERT INTO `item_tag_mapping` (`item_id`, `tag_id`) VALUES (13, 231);
INSERT INTO `item_tag_mapping` (`item_id`, `tag_id`) VALUES (13, 235);
INSERT INTO `item_tag_mapping` (`item_id`, `tag_id`) VALUES (13, 237);
INSERT INTO `item_tag_mapping` (`item_id`, `tag_id`) VALUES (13, 238);
INSERT INTO `item_tag_mapping` (`item_id`, `tag_id`) VALUES (14, 248);
INSERT INTO `item_tag_mapping` (`item_id`, `tag_id`) VALUES (14, 259);
INSERT INTO `item_tag_mapping` (`item_id`, `tag_id`) VALUES (14, 260);
INSERT INTO `item_tag_mapping` (`item_id`, `tag_id`) VALUES (14, 261);
INSERT INTO `item_tag_mapping` (`item_id`, `tag_id`) VALUES (15, 238);
INSERT INTO `item_tag_mapping` (`item_id`, `tag_id`) VALUES (15, 259);
INSERT INTO `item_tag_mapping` (`item_id`, `tag_id`) VALUES (15, 275);
INSERT INTO `item_tag_mapping` (`item_id`, `tag_id`) VALUES (15, 276);
INSERT INTO `item_tag_mapping` (`item_id`, `tag_id`) VALUES (16, 231);
INSERT INTO `item_tag_mapping` (`item_id`, `tag_id`) VALUES (16, 232);
INSERT INTO `item_tag_mapping` (`item_id`, `tag_id`) VALUES (16, 233);
INSERT INTO `item_tag_mapping` (`item_id`, `tag_id`) VALUES (16, 234);
INSERT INTO `item_tag_mapping` (`item_id`, `tag_id`) VALUES (17, 290);
INSERT INTO `item_tag_mapping` (`item_id`, `tag_id`) VALUES (17, 291);
INSERT INTO `item_tag_mapping` (`item_id`, `tag_id`) VALUES (17, 292);
INSERT INTO `item_tag_mapping` (`item_id`, `tag_id`) VALUES (18, 250);
INSERT INTO `item_tag_mapping` (`item_id`, `tag_id`) VALUES (18, 251);
INSERT INTO `item_tag_mapping` (`item_id`, `tag_id`) VALUES (18, 260);
INSERT INTO `item_tag_mapping` (`item_id`, `tag_id`) VALUES (19, 250);
INSERT INTO `item_tag_mapping` (`item_id`, `tag_id`) VALUES (19, 251);
INSERT INTO `item_tag_mapping` (`item_id`, `tag_id`) VALUES (19, 252);
INSERT INTO `item_tag_mapping` (`item_id`, `tag_id`) VALUES (20, 246);
INSERT INTO `item_tag_mapping` (`item_id`, `tag_id`) VALUES (20, 247);
INSERT INTO `item_tag_mapping` (`item_id`, `tag_id`) VALUES (20, 248);
INSERT INTO `item_tag_mapping` (`item_id`, `tag_id`) VALUES (20, 249);
INSERT INTO `item_tag_mapping` (`item_id`, `tag_id`) VALUES (21, 247);
INSERT INTO `item_tag_mapping` (`item_id`, `tag_id`) VALUES (21, 263);
INSERT INTO `item_tag_mapping` (`item_id`, `tag_id`) VALUES (21, 264);
INSERT INTO `item_tag_mapping` (`item_id`, `tag_id`) VALUES (21, 265);
INSERT INTO `item_tag_mapping` (`item_id`, `tag_id`) VALUES (22, 273);
INSERT INTO `item_tag_mapping` (`item_id`, `tag_id`) VALUES (24, 227);
INSERT INTO `item_tag_mapping` (`item_id`, `tag_id`) VALUES (25, 243);
INSERT INTO `item_tag_mapping` (`item_id`, `tag_id`) VALUES (25, 244);
INSERT INTO `item_tag_mapping` (`item_id`, `tag_id`) VALUES (25, 245);
INSERT INTO `item_tag_mapping` (`item_id`, `tag_id`) VALUES (26, 256);
INSERT INTO `item_tag_mapping` (`item_id`, `tag_id`) VALUES (26, 257);
INSERT INTO `item_tag_mapping` (`item_id`, `tag_id`) VALUES (26, 258);
INSERT INTO `item_tag_mapping` (`item_id`, `tag_id`) VALUES (27, 240);
INSERT INTO `item_tag_mapping` (`item_id`, `tag_id`) VALUES (27, 267);
INSERT INTO `item_tag_mapping` (`item_id`, `tag_id`) VALUES (27, 269);
INSERT INTO `item_tag_mapping` (`item_id`, `tag_id`) VALUES (28, 325);
INSERT INTO `item_tag_mapping` (`item_id`, `tag_id`) VALUES (28, 326);
INSERT INTO `item_tag_mapping` (`item_id`, `tag_id`) VALUES (29, 243);
INSERT INTO `item_tag_mapping` (`item_id`, `tag_id`) VALUES (29, 308);
INSERT INTO `item_tag_mapping` (`item_id`, `tag_id`) VALUES (29, 309);
INSERT INTO `item_tag_mapping` (`item_id`, `tag_id`) VALUES (30, 303);
INSERT INTO `item_tag_mapping` (`item_id`, `tag_id`) VALUES (30, 304);
INSERT INTO `item_tag_mapping` (`item_id`, `tag_id`) VALUES (30, 305);
INSERT INTO `item_tag_mapping` (`item_id`, `tag_id`) VALUES (31, 240);
INSERT INTO `item_tag_mapping` (`item_id`, `tag_id`) VALUES (31, 241);
INSERT INTO `item_tag_mapping` (`item_id`, `tag_id`) VALUES (32, 247);
INSERT INTO `item_tag_mapping` (`item_id`, `tag_id`) VALUES (32, 300);
INSERT INTO `item_tag_mapping` (`item_id`, `tag_id`) VALUES (32, 301);
INSERT INTO `item_tag_mapping` (`item_id`, `tag_id`) VALUES (33, 295);
INSERT INTO `item_tag_mapping` (`item_id`, `tag_id`) VALUES (33, 328);
INSERT INTO `item_tag_mapping` (`item_id`, `tag_id`) VALUES (33, 329);
INSERT INTO `item_tag_mapping` (`item_id`, `tag_id`) VALUES (34, 228);
INSERT INTO `item_tag_mapping` (`item_id`, `tag_id`) VALUES (34, 229);
INSERT INTO `item_tag_mapping` (`item_id`, `tag_id`) VALUES (34, 230);
INSERT INTO `item_tag_mapping` (`item_id`, `tag_id`) VALUES (42, 221);
INSERT INTO `item_tag_mapping` (`item_id`, `tag_id`) VALUES (90, 221);
INSERT INTO `item_tag_mapping` (`item_id`, `tag_id`) VALUES (318, 337);
INSERT INTO `item_tag_mapping` (`item_id`, `tag_id`) VALUES (429, 222);
COMMIT;

-- ----------------------------
-- Table structure for items
-- ----------------------------
DROP TABLE IF EXISTS `items`;
CREATE TABLE `items` (
  `id` bigint NOT NULL AUTO_INCREMENT,
  `type` varchar(20) NOT NULL COMMENT 'game, movie, anime, boardgame, model, ...',
  `title` varchar(255) NOT NULL,
  `slug` varchar(255) NOT NULL,
  `cover_url` varchar(512) DEFAULT NULL,
  `wide_cover_url` varchar(512) DEFAULT NULL,
  `description` text,
  `info_json` json DEFAULT NULL COMMENT 'elastic attributes',
  `media_url` varchar(512) DEFAULT NULL,
  `poster_url` varchar(512) DEFAULT NULL COMMENT 'vertical poster image',
  `external_link` varchar(512) DEFAULT NULL,
  `external_id` varchar(100) DEFAULT NULL COMMENT 'Steam AppID, TMDB ID',
  `source` varchar(30) DEFAULT 'manual' COMMENT 'manual, steam, tmdb, itch',
  `status` tinyint DEFAULT '1' COMMENT '1-online 0-offline',
  `created_at` datetime DEFAULT CURRENT_TIMESTAMP,
  `updated_at` datetime DEFAULT CURRENT_TIMESTAMP ON UPDATE CURRENT_TIMESTAMP,
  `carousel_order` int DEFAULT NULL COMMENT 'NULL=not in carousel, 0,1,2... = display order',
  PRIMARY KEY (`id`),
  UNIQUE KEY `slug` (`slug`),
  KEY `idx_type` (`type`),
  KEY `idx_slug` (`slug`)
) ENGINE=InnoDB AUTO_INCREMENT=472 DEFAULT CHARSET=utf8mb4 COLLATE=utf8mb4_0900_ai_ci;

-- ----------------------------
-- Records of items
-- ----------------------------
BEGIN;
INSERT INTO `items` (`id`, `type`, `title`, `slug`, `cover_url`, `wide_cover_url`, `description`, `info_json`, `media_url`, `poster_url`, `external_link`, `external_id`, `source`, `status`, `created_at`, `updated_at`, `carousel_order`) VALUES (1, 'game', 'Hades II', 'hades-2', 'https://shared.akamai.steamstatic.com/store_item_assets/steam/apps/1145350/91ac334a2c137d08968ccc0bc474a02579602100/header.jpg?t=1779901265', NULL, 'Battle beyond the Underworld using dark sorcery to take on the Titan of Time in this bewitching sequel to the award-winning rogue-like dungeon crawler.', '{\"genre\": \"Action, Indie, RPG\", \"videos\": {\"youtube\": \"https://www.youtube.com/embed/TUOERgENrVs\", \"bilibili\": \"//player.bilibili.com/player.html?bvid=BV1Wx4y1W7Gh\"}, \"demo_url\": \"steam://install/2846690\", \"platform\": \"\", \"developer\": \"Supergiant Games\", \"demo_available\": true}', 'https://www.youtube.com/embed/TUOERgENrVs', NULL, 'https://store.steampowered.com/app/1145350/', NULL, 'manual', 1, '2026-05-27 18:06:01', '2026-06-03 16:33:28', 1);
INSERT INTO `items` (`id`, `type`, `title`, `slug`, `cover_url`, `wide_cover_url`, `description`, `info_json`, `media_url`, `poster_url`, `external_link`, `external_id`, `source`, `status`, `created_at`, `updated_at`, `carousel_order`) VALUES (3, 'game', 'Black Myth: Wukong', 'black-myth-wukong', 'https://shared.akamai.steamstatic.com/store_item_assets/steam/apps/2358720/header.jpg?t=1760601605', NULL, 'Black Myth: Wukong is an action RPG rooted in Chinese mythology. You shall set out as the Destined One to venture into the challenges and marvels ahead, to uncover the obscured truth beneath the veil of a glorious legend from the past.', '{\"genre\": \"Action, Adventure, RPG\", \"videos\": {\"youtube\": \"https://www.youtube.com/embed/u83Vd6AVyf4\", \"bilibili\": \"//player.bilibili.com/player.html?bvid=BV1ex4y1J7JE\"}, \"demo_url\": \"steam://install/2581550\", \"platform\": \"\", \"developer\": \"Game Science\", \"demo_available\": true}', 'https://www.youtube.com/embed/u83Vd6AVyf4', NULL, 'https://store.steampowered.com/app/2358720/', NULL, 'manual', 1, '2026-05-27 18:06:01', '2026-06-03 16:33:28', 0);
INSERT INTO `items` (`id`, `type`, `title`, `slug`, `cover_url`, `wide_cover_url`, `description`, `info_json`, `media_url`, `poster_url`, `external_link`, `external_id`, `source`, `status`, `created_at`, `updated_at`, `carousel_order`) VALUES (5, 'game', 'Elden Ring: Nightreign', 'elden-ring-nightreign', 'https://shared.akamai.steamstatic.com/store_item_assets/steam/apps/1245620/header.jpg?t=1767883716', NULL, 'THE CRITICALLY ACCLAIMED FANTASY ACTION RPG. Rise, Tarnished, and be guided by grace to brandish the power of the Elden Ring and become an Elden Lord in the Lands Between.', '{\"genre\": \"Action, RPG\", \"videos\": {\"youtube\": \"https://www.youtube.com/embed/L4Lq1yOhCgY\", \"bilibili\": \"//player.bilibili.com/player.html?bvid=BV1uT411677U\"}, \"platform\": \"\", \"developer\": \"FromSoftware, Inc.\", \"demo_available\": false}', 'https://www.youtube.com/embed/L4Lq1yOhCgY', NULL, 'https://store.steampowered.com/app/1245620/', NULL, 'manual', 1, '2026-05-27 18:06:01', '2026-05-27 20:07:55', NULL);
INSERT INTO `items` (`id`, `type`, `title`, `slug`, `cover_url`, `wide_cover_url`, `description`, `info_json`, `media_url`, `poster_url`, `external_link`, `external_id`, `source`, `status`, `created_at`, `updated_at`, `carousel_order`) VALUES (6, 'game', 'Hollow Knight: Silksong', 'hollow-knight-silksong', 'https://shared.akamai.steamstatic.com/store_item_assets/steam/apps/1030300/7983574d464e6559ac7e24275727f73a8bcca1f3/header.jpg?t=1776125736', NULL, 'Discover a vast, haunted kingdom in Hollow Knight: Silksong! Explore, fight and survive as you ascend to the peak of a land ruled by silk and song.', '{\"genre\": \"Action, Adventure, Indie\", \"videos\": {\"youtube\": \"https://www.youtube.com/embed/pFAknD_9U7c\", \"bilibili\": \"//player.bilibili.com/player.html?bvid=BV1iW4y1x7nx\"}, \"platform\": \"\", \"developer\": \"Team Cherry\", \"demo_available\": false}', 'https://www.youtube.com/embed/pFAknD_9U7c', NULL, 'https://store.steampowered.com/app/1030300/', NULL, 'manual', 1, '2026-05-27 18:06:01', '2026-05-27 20:07:55', NULL);
INSERT INTO `items` (`id`, `type`, `title`, `slug`, `cover_url`, `wide_cover_url`, `description`, `info_json`, `media_url`, `poster_url`, `external_link`, `external_id`, `source`, `status`, `created_at`, `updated_at`, `carousel_order`) VALUES (7, 'game', 'Metaphor: ReFantazio', 'metaphor-refantazio', 'https://shared.akamai.steamstatic.com/store_item_assets/steam/apps/2679460/header.jpg?t=1764776325', NULL, 'After his assassination, the will of the late king decrees the next monarch to be elected by the people. Forge bonds and win over a kingdom divided in this award-winning fantasy RPG with turn-based and action combat, party customization with powerful Archetypes, and hours of exploration.', '{\"genre\": \"Action, Adventure, RPG\", \"videos\": {\"youtube\": \"https://www.youtube.com/embed/2_7jdpHzpZw\", \"bilibili\": \"//player.bilibili.com/player.html?bvid=BV1MH4y1c7Yq\"}, \"demo_url\": \"steam://install/3130330\", \"platform\": \"\", \"developer\": \"ATLUS\", \"demo_available\": true}', 'https://www.youtube.com/embed/2_7jdpHzpZw', NULL, 'https://store.steampowered.com/app/2679460/', NULL, 'manual', 1, '2026-05-27 18:06:01', '2026-05-27 20:07:55', NULL);
INSERT INTO `items` (`id`, `type`, `title`, `slug`, `cover_url`, `wide_cover_url`, `description`, `info_json`, `media_url`, `poster_url`, `external_link`, `external_id`, `source`, `status`, `created_at`, `updated_at`, `carousel_order`) VALUES (8, 'game', 'S.T.A.L.K.E.R. 2', 'stalker-2', 'https://shared.akamai.steamstatic.com/store_item_assets/steam/apps/1643320/3e525c6969728ec1641c5834e660472357fcd4cf/header.jpg?t=1776173087', NULL, 'Discover the vast Chornobyl Exclusion Zone full of dangerous enemies, deadly anomalies and powerful artifacts. Unveil your own epic story as you make your way to the Heart of Chornobyl. Make your choices wisely, as they will determine your fate in the end.', '{\"genre\": \"Action, Adventure, RPG\", \"videos\": {\"youtube\": \"https://www.youtube.com/embed/SiECiie1CbI\", \"bilibili\": \"//player.bilibili.com/player.html?bvid=BV1y8411m7Jk\"}, \"platform\": \"\", \"developer\": \"GSC Game World\", \"demo_available\": false}', 'https://www.youtube.com/embed/SiECiie1CbI', NULL, 'https://store.steampowered.com/app/1643320/', NULL, 'manual', 1, '2026-05-27 18:06:01', '2026-05-27 20:07:55', NULL);
INSERT INTO `items` (`id`, `type`, `title`, `slug`, `cover_url`, `wide_cover_url`, `description`, `info_json`, `media_url`, `poster_url`, `external_link`, `external_id`, `source`, `status`, `created_at`, `updated_at`, `carousel_order`) VALUES (11, 'boardgame', '《沙丘：帝国》Dune: Imperium', '《沙丘：帝国》Dune: Imperium', '/uploads/10ea5651-fff6-427f-84dc-49026f880c8c.webp', '/uploads/21d773ff-c440-4a0b-b758-2cf2f710eb2c.webp', '《沙丘：帝国》是由旅法师营地代理，美国DWD根据沙丘IP和传奇影业电影《沙丘》而制作的1-4人桌面游戏，游戏将卡组构筑和工人放置两种游戏模式创新地结合在一起带来了更多的策略成分。', '{\"videos\": {\"youtube\": \"\", \"bilibili\": \"//player.bilibili.com/player.html?bvid=BV1j5411K7FU\"}, \"weight\": 3, \"players\": \"1-4\", \"playtime\": \"60-120min\", \"rule_text\": \" 勘误：力标记应为战斗力标记，实体说明书已修正。\", \"rule_images\": \"/uploads/0d295f69-ea84-4aa9-addc-bfab211fb6ae.jpeg,/uploads/7ddea1cc-c854-4b0b-b1e6-8f3fc57551a0.jpeg,/uploads/8217b935-782c-4fab-9600-d82b32ffa9bb.jpeg,/uploads/eaa61a24-2c31-4420-aeb3-edc73a7b2da1.jpeg,/uploads/3263b2e9-9e31-4cea-8ddd-4faa1877a75a.jpeg,/uploads/743dd289-289e-4271-a94d-cef54f06fd3b.jpeg,/uploads/464e7490-79b7-492d-83b1-2a779ceaf1a4.jpeg,/uploads/53149bd5-2952-4d3b-bb48-1b02806b259d.jpeg,/uploads/07a0df33-0e28-44dc-ae5f-59e211f10e04.jpeg,/uploads/5c951995-bc04-4f9f-b250-f0595a743af0.jpeg,/uploads/2afc7321-a337-44d1-8f54-cf4d31bb2171.jpeg,/uploads/b220b54e-2b67-4203-9376-97851c761cb9.jpeg,/uploads/d752f616-1ef6-4a4e-bc30-e37698ad98f3.jpeg,/uploads/9cf3d2e9-78ea-494f-b1d4-4225d9ee58d9.jpeg,/uploads/d78be0a9-b82a-4eeb-8a99-da53224ba3ec.jpeg,/uploads/8cc2850e-02a3-42c2-aad4-d1af3bb117ab.jpeg\"}', 'https://www.bilibili.com/video/BV1j5411K7FU/', '/uploads/21d773ff-c440-4a0b-b758-2cf2f710eb2c.webp', 'https://iyingdi.com/tz/post/2355551', '', '旅法师营地', 1, '2026-05-27 18:06:01', '2026-06-09 06:57:30', 0);
INSERT INTO `items` (`id`, `type`, `title`, `slug`, `cover_url`, `wide_cover_url`, `description`, `info_json`, `media_url`, `poster_url`, `external_link`, `external_id`, `source`, `status`, `created_at`, `updated_at`, `carousel_order`) VALUES (12, 'boardgame', 'Gloomhaven', 'gloomhaven', NULL, NULL, '史诗级地牢探索桌游。宏大世界观、永久变化的战役系统，BGG 长期霸主。', '{\"weight\": 3.9, \"players\": \"1-4\", \"playtime\": \"60-120min\"}', NULL, NULL, NULL, NULL, 'manual', 1, '2026-05-27 18:06:01', '2026-05-28 12:26:12', NULL);
INSERT INTO `items` (`id`, `type`, `title`, `slug`, `cover_url`, `wide_cover_url`, `description`, `info_json`, `media_url`, `poster_url`, `external_link`, `external_id`, `source`, `status`, `created_at`, `updated_at`, `carousel_order`) VALUES (13, 'boardgame', 'Wingspan', 'wingspan', '/uploads/a9f90f98-ae65-4b61-801a-b247613d8ee3.jpg', '/uploads/a9f90f98-ae65-4b61-801a-b247613d8ee3.jpg', '鸟类主题引擎构筑游戏。精美插画、流畅节奏，吸引了大量轻度玩家入坑。', '{\"videos\": {\"youtube\": \"\", \"bilibili\": \"\"}, \"weight\": 2.4, \"players\": \"1-5\", \"playtime\": \"40-70min\"}', NULL, '/uploads/a9f90f98-ae65-4b61-801a-b247613d8ee3.jpg', NULL, NULL, 'manual', 1, '2026-05-27 18:06:01', '2026-06-09 04:26:19', 1);
INSERT INTO `items` (`id`, `type`, `title`, `slug`, `cover_url`, `wide_cover_url`, `description`, `info_json`, `media_url`, `poster_url`, `external_link`, `external_id`, `source`, `status`, `created_at`, `updated_at`, `carousel_order`) VALUES (14, 'boardgame', 'Spirit Island', 'spiritisland', NULL, NULL, '合作守护岛屿的深度策略桌游。扮演自然精灵击退殖民者，反向塔防。', '{\"videos\": {\"youtube\": \"\", \"bilibili\": \"BV1JS4y1k71E\"}, \"weight\": 4, \"players\": \"1-4\", \"playtime\": \"90-120min\"}', NULL, NULL, NULL, NULL, 'manual', 1, '2026-05-27 18:06:01', '2026-06-09 04:35:12', NULL);
INSERT INTO `items` (`id`, `type`, `title`, `slug`, `cover_url`, `wide_cover_url`, `description`, `info_json`, `media_url`, `poster_url`, `external_link`, `external_id`, `source`, `status`, `created_at`, `updated_at`, `carousel_order`) VALUES (15, 'boardgame', 'Pandemic Legacy: Season 1', 'pandemic-legacy', NULL, NULL, '变革桌游业界的传承游戏。病毒蔓延全球，每一次选择都永久改变游戏。', '{\"weight\": 2.8, \"players\": \"2-4\", \"playtime\": \"60min\"}', NULL, NULL, NULL, NULL, 'manual', 1, '2026-05-27 18:06:01', '2026-05-28 12:25:59', 2);
INSERT INTO `items` (`id`, `type`, `title`, `slug`, `cover_url`, `wide_cover_url`, `description`, `info_json`, `media_url`, `poster_url`, `external_link`, `external_id`, `source`, `status`, `created_at`, `updated_at`, `carousel_order`) VALUES (16, 'boardgame', 'Catan', 'catan', NULL, NULL, '经典入门桌游。收集资源、拓展领地、进行贸易，现代桌游复兴的开端。', '{\"weight\": 2.3, \"players\": \"3-4\", \"playtime\": \"60-120min\"}', NULL, NULL, NULL, NULL, 'manual', 1, '2026-05-27 18:06:01', '2026-05-27 18:06:01', NULL);
INSERT INTO `items` (`id`, `type`, `title`, `slug`, `cover_url`, `wide_cover_url`, `description`, `info_json`, `media_url`, `poster_url`, `external_link`, `external_id`, `source`, `status`, `created_at`, `updated_at`, `carousel_order`) VALUES (17, 'boardgame', '7 Wonders Duel', '7-wonders-duel', NULL, NULL, '双人文明建设对决。三线推拉、奇迹争夺，最佳二人桌游之一。', '{\"weight\": 2.2, \"players\": \"2\", \"playtime\": \"30min\"}', NULL, NULL, NULL, NULL, 'manual', 1, '2026-05-27 18:06:01', '2026-05-28 12:25:59', 3);
INSERT INTO `items` (`id`, `type`, `title`, `slug`, `cover_url`, `wide_cover_url`, `description`, `info_json`, `media_url`, `poster_url`, `external_link`, `external_id`, `source`, `status`, `created_at`, `updated_at`, `carousel_order`) VALUES (18, 'boardgame', 'Dune: Imperium - Uprising', 'dune-imperium-uprising', NULL, NULL, '沙丘帝国独立扩展。新增间谍、沙虫战斗，策略维度大幅提升。', '{\"weight\": 3.3, \"players\": \"1-4\", \"playtime\": \"60-120min\"}', NULL, NULL, NULL, NULL, 'manual', 1, '2026-05-27 18:06:01', '2026-05-27 18:06:01', NULL);
INSERT INTO `items` (`id`, `type`, `title`, `slug`, `cover_url`, `wide_cover_url`, `description`, `info_json`, `media_url`, `poster_url`, `external_link`, `external_id`, `source`, `status`, `created_at`, `updated_at`, `carousel_order`) VALUES (19, 'boardgame', 'Lost Ruins of Arnak', 'lost-ruins-of-arnak', NULL, NULL, '考古探索主题。牌库构筑与工人放置的优雅结合，探索失落的神庙。', '{\"weight\": 2.9, \"players\": \"1-4\", \"playtime\": \"60-120min\"}', NULL, NULL, NULL, NULL, 'manual', 1, '2026-05-27 18:06:01', '2026-05-27 18:06:01', NULL);
INSERT INTO `items` (`id`, `type`, `title`, `slug`, `cover_url`, `wide_cover_url`, `description`, `info_json`, `media_url`, `poster_url`, `external_link`, `external_id`, `source`, `status`, `created_at`, `updated_at`, `carousel_order`) VALUES (20, 'boardgame', 'Eclipse: Second Dawn', 'eclipse-second-dawn', NULL, NULL, '宏伟的 4X 太空史诗。六大种族争霸银河，科技研发与舰队对决。', '{\"weight\": 3.7, \"players\": \"2-6\", \"playtime\": \"120-240min\"}', NULL, NULL, NULL, NULL, 'manual', 1, '2026-05-27 18:06:01', '2026-05-27 18:06:01', NULL);
INSERT INTO `items` (`id`, `type`, `title`, `slug`, `cover_url`, `wide_cover_url`, `description`, `info_json`, `media_url`, `poster_url`, `external_link`, `external_id`, `source`, `status`, `created_at`, `updated_at`, `carousel_order`) VALUES (21, 'boardgame', 'Nemesis', 'nemesis', NULL, NULL, '异形主题半合作生存桌游。飞船暗藏异形，谁能活着回到地球？', '{\"weight\": 3.4, \"players\": \"1-5\", \"playtime\": \"90-180min\"}', NULL, NULL, NULL, NULL, 'manual', 1, '2026-05-27 18:06:01', '2026-05-27 18:06:01', NULL);
INSERT INTO `items` (`id`, `type`, `title`, `slug`, `cover_url`, `wide_cover_url`, `description`, `info_json`, `media_url`, `poster_url`, `external_link`, `external_id`, `source`, `status`, `created_at`, `updated_at`, `carousel_order`) VALUES (22, 'model', 'MG Wing Gundam Zero EW Ver.Ka', 'wing-gundam-verka', '/uploads/78441d41-4cb1-4ead-899c-c6860bc13b83.jpg', '/uploads/3b8ad72a-6947-4cc1-8442-55159b4fab86.jpg', '来自《新机动战记高达W 无尽的华尔兹》，由KATOKI HAJIMEI全面监修的飞翼高达零式EW Ver.Ka登场。\n■以全新设计造型立体化。\n■对各处关节进行了彻底验证，追求“白色之翼”完美的展开和连动构造，以及双管破坏步枪的射击姿势。\n■通过全新构造，让双管破坏步枪可收纳于翅膀中，及变形为新飞鸟形态。\n【附件】\n■双管破坏步枪×1\n■光束军刀×2\n■盾牌×1\n■底座×1\n■金属贴纸×1\n■水贴纸×1', '{\"grade\": \"MG\", \"scale\": \"1/100\", \"series\": \"Wing EW\", \"material\": \"PS,ABS\"}', NULL, NULL, NULL, NULL, 'manual', 1, '2026-05-27 18:06:01', '2026-06-09 01:40:29', 0);
INSERT INTO `items` (`id`, `type`, `title`, `slug`, `cover_url`, `wide_cover_url`, `description`, `info_json`, `media_url`, `poster_url`, `external_link`, `external_id`, `source`, `status`, `created_at`, `updated_at`, `carousel_order`) VALUES (23, 'model', 'MG Sazabi Ver.Ka', 'sazabi-verka', NULL, NULL, '夏亚座驾沙扎比卡版。机体质感重磅，水贴纸极尽华丽，MG 巅峰之作。', '{\"grade\": \"MG\", \"scale\": \"1/100\", \"series\": \"Char\'s Counterattack\", \"material\": \"PS,ABS,PE\"}', NULL, NULL, NULL, NULL, 'manual', 1, '2026-05-27 18:06:01', '2026-05-27 18:06:01', NULL);
INSERT INTO `items` (`id`, `type`, `title`, `slug`, `cover_url`, `wide_cover_url`, `description`, `info_json`, `media_url`, `poster_url`, `external_link`, `external_id`, `source`, `status`, `created_at`, `updated_at`, `carousel_order`) VALUES (24, 'model', 'MG Nu Gundam Ver.Ka', 'nu-gundam-verka', NULL, NULL, '阿姆罗座驾 ν 高达卡版。精神力框架采用绿色透明件，分件细致。', '{\"grade\": \"MG\", \"scale\": \"1/100\", \"series\": \"Char\'s Counterattack\", \"material\": \"PS,ABS,PP\"}', NULL, NULL, NULL, NULL, 'manual', 1, '2026-05-27 18:06:01', '2026-06-03 16:37:38', 2);
INSERT INTO `items` (`id`, `type`, `title`, `slug`, `cover_url`, `wide_cover_url`, `description`, `info_json`, `media_url`, `poster_url`, `external_link`, `external_id`, `source`, `status`, `created_at`, `updated_at`, `carousel_order`) VALUES (25, 'model', 'PG Unicorn Gundam', 'unicorn-gundam-pg', NULL, NULL, '独角兽高达完美级。可切换独角模式与毁灭模式，精神骨架采用 LED 发光。', '{\"grade\": \"PG\", \"scale\": \"1/60\", \"series\": \"UC\", \"material\": \"PS,ABS,LED\"}', NULL, NULL, NULL, NULL, 'manual', 1, '2026-05-27 18:06:01', '2026-06-03 16:37:38', 1);
INSERT INTO `items` (`id`, `type`, `title`, `slug`, `cover_url`, `wide_cover_url`, `description`, `info_json`, `media_url`, `poster_url`, `external_link`, `external_id`, `source`, `status`, `created_at`, `updated_at`, `carousel_order`) VALUES (26, 'model', 'HMM Zoids Blade Liger', 'zoids-blade-liger', NULL, NULL, '寿屋 HMM 系列剑刃狮。高机动索斯兽，利爪与激光刃可动，气势非凡。', '{\"grade\": \"HMM\", \"scale\": \"1/72\", \"series\": \"Zoids\", \"material\": \"PS,PE,ABS\"}', NULL, NULL, NULL, NULL, 'manual', 1, '2026-05-27 18:06:01', '2026-06-03 16:37:38', 4);
INSERT INTO `items` (`id`, `type`, `title`, `slug`, `cover_url`, `wide_cover_url`, `description`, `info_json`, `media_url`, `poster_url`, `external_link`, `external_id`, `source`, `status`, `created_at`, `updated_at`, `carousel_order`) VALUES (27, 'model', 'RG Evangelion Unit-01', 'evangelion-unit01-rg', NULL, NULL, 'EVA 初号机 RG 版。肌肉纤维纹理外甲，真实系机械结构再现。', '{\"grade\": \"RG\", \"scale\": \"1/144\", \"series\": \"Evangelion\", \"material\": \"PS,ABS\"}', NULL, NULL, NULL, NULL, 'manual', 1, '2026-05-27 18:06:01', '2026-05-27 18:06:01', NULL);
INSERT INTO `items` (`id`, `type`, `title`, `slug`, `cover_url`, `wide_cover_url`, `description`, `info_json`, `media_url`, `poster_url`, `external_link`, `external_id`, `source`, `status`, `created_at`, `updated_at`, `carousel_order`) VALUES (28, 'model', 'MG Barbatos Lupus Rex', 'barbatos-lupus-rex', NULL, NULL, '铁血孤儿最终决战形态。巨大狼爪与尾巴钢鞭，狂战士般的站姿。', '{\"grade\": \"MG\", \"scale\": \"1/100\", \"series\": \"IBO\", \"material\": \"PS,ABS\"}', NULL, NULL, NULL, NULL, 'manual', 1, '2026-05-27 18:06:01', '2026-06-03 16:37:38', 3);
INSERT INTO `items` (`id`, `type`, `title`, `slug`, `cover_url`, `wide_cover_url`, `description`, `info_json`, `media_url`, `poster_url`, `external_link`, `external_id`, `source`, `status`, `created_at`, `updated_at`, `carousel_order`) VALUES (29, 'model', 'PG Astray Red Frame', 'astray-red-frame-pg', NULL, NULL, '异端红色机完美级。标志性双太刀菊一文字，骨架全展示结构。', '{\"grade\": \"PG\", \"scale\": \"1/60\", \"series\": \"SEED Astray\", \"material\": \"PS,ABS,PE\"}', NULL, NULL, NULL, NULL, 'manual', 1, '2026-05-27 18:06:01', '2026-05-27 18:06:01', NULL);
INSERT INTO `items` (`id`, `type`, `title`, `slug`, `cover_url`, `wide_cover_url`, `description`, `info_json`, `media_url`, `poster_url`, `external_link`, `external_id`, `source`, `status`, `created_at`, `updated_at`, `carousel_order`) VALUES (30, 'model', 'FM Aerial Gundam', 'aerial-gundam-fm', NULL, NULL, '水星魔女主角机风灵高达。透明位元浮游炮可独立展示，Full Mechanics 精良分件。', '{\"grade\": \"FM\", \"scale\": \"1/100\", \"series\": \"Witch from Mercury\", \"material\": \"PS,PE\"}', NULL, NULL, NULL, NULL, 'manual', 1, '2026-05-27 18:06:01', '2026-05-27 18:06:01', NULL);
INSERT INTO `items` (`id`, `type`, `title`, `slug`, `cover_url`, `wide_cover_url`, `description`, `info_json`, `media_url`, `poster_url`, `external_link`, `external_id`, `source`, `status`, `created_at`, `updated_at`, `carousel_order`) VALUES (31, 'model', 'RG Hi-Nu Gundam', 'hi-nu-gundam-rg', NULL, NULL, '海牛高达 RG 版。银蓝配色加浮游炮展开，RG 系列最高杰作之一。', '{\"grade\": \"RG\", \"scale\": \"1/144\", \"series\": \"Char\'s Counterattack MSV\", \"material\": \"PS,ABS,PP\"}', NULL, NULL, NULL, NULL, 'manual', 1, '2026-05-27 18:06:01', '2026-05-27 18:06:01', NULL);
INSERT INTO `items` (`id`, `type`, `title`, `slug`, `cover_url`, `wide_cover_url`, `description`, `info_json`, `media_url`, `poster_url`, `external_link`, `external_id`, `source`, `status`, `created_at`, `updated_at`, `carousel_order`) VALUES (32, 'book', '三体', 'three-body-problem', NULL, NULL, '刘慈欣雨果奖获奖科幻巨作。文化大革命中人类向宇宙发出第一声啼鸣，引发星际文明的三体危机。', '{\"year\": 2008, \"pages\": 312, \"author\": \"刘慈欣\", \"category\": \"科幻\"}', NULL, NULL, NULL, NULL, 'manual', 1, '2026-05-27 18:06:01', '2026-05-27 18:06:01', NULL);
INSERT INTO `items` (`id`, `type`, `title`, `slug`, `cover_url`, `wide_cover_url`, `description`, `info_json`, `media_url`, `poster_url`, `external_link`, `external_id`, `source`, `status`, `created_at`, `updated_at`, `carousel_order`) VALUES (33, 'book', '人类简史', 'sapiens', NULL, NULL, '尤瓦尔·赫拉利的人类史诗。从认知革命到科学革命，讲述智人如何征服世界。', '{\"year\": 2014, \"pages\": 464, \"author\": \"Yuval Noah Harari\", \"category\": \"历史\"}', NULL, NULL, NULL, NULL, 'manual', 1, '2026-05-27 18:06:02', '2026-05-28 14:07:58', 1);
INSERT INTO `items` (`id`, `type`, `title`, `slug`, `cover_url`, `wide_cover_url`, `description`, `info_json`, `media_url`, `poster_url`, `external_link`, `external_id`, `source`, `status`, `created_at`, `updated_at`, `carousel_order`) VALUES (34, 'book', '新世纪福音战士', 'neon-genesis-evangelion-manga', NULL, NULL, '贞本义行执笔的经典漫画。少年驾驶 EVA 对抗使徒，心理剖析远超普通机械动画。', '{\"year\": 1994, \"pages\": 1800, \"author\": \"贞本义行\", \"category\": \"漫画\"}', NULL, NULL, NULL, NULL, 'manual', 1, '2026-05-27 18:06:02', '2026-05-28 14:07:58', 2);
INSERT INTO `items` (`id`, `type`, `title`, `slug`, `cover_url`, `wide_cover_url`, `description`, `info_json`, `media_url`, `poster_url`, `external_link`, `external_id`, `source`, `status`, `created_at`, `updated_at`, `carousel_order`) VALUES (35, 'book', '沙丘', 'dune-book', NULL, NULL, '弗兰克·赫伯特的科幻史诗。香料、沙漠行星、预知能力，沙丘宇宙的宏伟开篇。', '{\"year\": 1965, \"pages\": 688, \"author\": \"Frank Herbert\", \"category\": \"科幻\"}', NULL, NULL, NULL, NULL, 'manual', 1, '2026-05-27 18:06:02', '2026-06-03 16:37:32', NULL);
INSERT INTO `items` (`id`, `type`, `title`, `slug`, `cover_url`, `wide_cover_url`, `description`, `info_json`, `media_url`, `poster_url`, `external_link`, `external_id`, `source`, `status`, `created_at`, `updated_at`, `carousel_order`) VALUES (39, 'digital', 'Sony WH-1000XM5', 'sony-wh1000xm5', NULL, NULL, 'Sony 旗舰降噪耳机。自适应降噪、30 小时续航，通勤与专注的终极伴侣。', '{\"year\": 2022, \"brand\": \"Sony\", \"category\": \"耳机\", \"features\": \"主动降噪,蓝牙5.2,30h续航\"}', NULL, NULL, NULL, NULL, 'manual', 1, '2026-05-27 18:06:02', '2026-06-03 16:37:21', 0);
INSERT INTO `items` (`id`, `type`, `title`, `slug`, `cover_url`, `wide_cover_url`, `description`, `info_json`, `media_url`, `poster_url`, `external_link`, `external_id`, `source`, `status`, `created_at`, `updated_at`, `carousel_order`) VALUES (40, 'digital', 'Apple AirPods Pro 2', 'airpods-pro-2', NULL, NULL, 'Apple H2 芯片加持，空间音频与自适应通透模式。降噪提升 2 倍。', '{\"year\": 2022, \"brand\": \"Apple\", \"category\": \"耳机\", \"features\": \"空间音频,自适应降噪,MagSafe\"}', NULL, NULL, NULL, NULL, 'manual', 1, '2026-05-27 18:06:02', '2026-06-03 16:37:21', 2);
INSERT INTO `items` (`id`, `type`, `title`, `slug`, `cover_url`, `wide_cover_url`, `description`, `info_json`, `media_url`, `poster_url`, `external_link`, `external_id`, `source`, `status`, `created_at`, `updated_at`, `carousel_order`) VALUES (41, 'digital', 'Cherry MX Board 3.0S', 'cherry-mx-board', NULL, NULL, 'Cherry MX 红轴，无钢板设计回归纯粹机械手感。办公游戏兼备。', '{\"year\": 2021, \"brand\": \"Cherry\", \"category\": \"键盘\", \"features\": \"MX红轴,RGB背光,109键\"}', NULL, NULL, NULL, NULL, 'manual', 1, '2026-05-27 18:06:02', '2026-06-03 16:37:21', 1);
INSERT INTO `items` (`id`, `type`, `title`, `slug`, `cover_url`, `wide_cover_url`, `description`, `info_json`, `media_url`, `poster_url`, `external_link`, `external_id`, `source`, `status`, `created_at`, `updated_at`, `carousel_order`) VALUES (42, 'game', 'Cyberpunk 2077', 'cyberpunk-2077', 'https://shared.akamai.steamstatic.com/store_item_assets/steam/apps/1091500/e9047d8ec47ae3d94bb8b464fb0fc9e9972b4ac7/header.jpg?t=1769690377', NULL, 'Cyberpunk 2077 is an open-world, action-adventure RPG set in the dark future of Night City — a dangerous megalopolis obsessed with power, glamor, and ceaseless body modification.', '{\"genre\": \"RPG\", \"videos\": {\"youtube\": \"https://www.youtube.com/embed/8X2kIfS6fb8\", \"bilibili\": \"//player.bilibili.com/player.html?bvid=BV1q4411N7fV\"}, \"demo_url\": \"\", \"platform\": \"PC、PS5、Xbox、Switch\", \"developer\": \"CD PROJEKT RED\", \"demo_available\": false}', 'https://www.youtube.com/embed/8X2kIfS6fb8', NULL, 'https://store.steampowered.com/app/1091500/', NULL, 'manual', 1, '2026-05-27 18:31:36', '2026-06-03 16:33:28', 4);
INSERT INTO `items` (`id`, `type`, `title`, `slug`, `cover_url`, `wide_cover_url`, `description`, `info_json`, `media_url`, `poster_url`, `external_link`, `external_id`, `source`, `status`, `created_at`, `updated_at`, `carousel_order`) VALUES (43, 'game', 'Baldurs Gate 3', 'baldurs-gate-3', 'https://shared.akamai.steamstatic.com/store_item_assets/steam/apps/1086940/48a2fcbda8565bb45025e98fd8ebde8a7203f6a0/header.jpg?t=1777363040', NULL, 'Baldur’s Gate 3 is a story-rich, party-based RPG set in the universe of Dungeons &amp; Dragons, where your choices shape a tale of fellowship and betrayal, survival and sacrifice, and the lure of absolute power.', '{\"genre\": \"Adventure, RPG, Strategy\", \"videos\": {\"youtube\": \"https://www.youtube.com/embed/1T22wNvoRQU\", \"bilibili\": \"//player.bilibili.com/player.html?bvid=BV1hV4y1z7kA\"}, \"platform\": \"\", \"developer\": \"Larian Studios\", \"demo_available\": false}', 'https://www.youtube.com/embed/1T22wNvoRQU', NULL, 'https://store.steampowered.com/app/1086940/', NULL, 'manual', 1, '2026-05-27 18:31:36', '2026-05-27 20:07:55', NULL);
INSERT INTO `items` (`id`, `type`, `title`, `slug`, `cover_url`, `wide_cover_url`, `description`, `info_json`, `media_url`, `poster_url`, `external_link`, `external_id`, `source`, `status`, `created_at`, `updated_at`, `carousel_order`) VALUES (44, 'game', 'Palworld', 'palworld', 'https://shared.akamai.steamstatic.com/store_item_assets/steam/apps/1623730/058bd87dc17a7179e07c446aa64d0574ca43ab9d/header.jpg?t=1779864445', NULL, 'Fight, farm, build and work alongside mysterious creatures called &quot;Pals&quot; in this completely new multiplayer, open world survival and crafting game!', '{\"genre\": \"Action, Adventure, Indie\", \"videos\": {\"youtube\": \"https://www.youtube.com/embed/PByJhLOb4A4\", \"bilibili\": \"//player.bilibili.com/player.html?bvid=BV1ac41187jG\"}, \"platform\": \"\", \"developer\": \"Pocketpair\", \"demo_available\": false}', 'https://www.youtube.com/embed/PByJhLOb4A4', NULL, 'https://store.steampowered.com/app/1623730/', NULL, 'manual', 1, '2026-05-27 18:31:36', '2026-05-27 20:07:55', NULL);
INSERT INTO `items` (`id`, `type`, `title`, `slug`, `cover_url`, `wide_cover_url`, `description`, `info_json`, `media_url`, `poster_url`, `external_link`, `external_id`, `source`, `status`, `created_at`, `updated_at`, `carousel_order`) VALUES (45, 'game', 'Lies of P', 'lies-of-p', 'https://shared.akamai.steamstatic.com/store_item_assets/steam/apps/1627720/header.jpg?t=1764565054', NULL, 'Lies of P is a thrilling soulslike that takes the story of Pinocchio, turns it on its head, and sets it against the darkly elegant backdrop of the Belle Epoque era.', '{\"genre\": \"Action, Adventure, RPG\", \"videos\": {\"youtube\": \"https://www.youtube.com/embed/kXZoKdr-xro\", \"bilibili\": \"//player.bilibili.com/player.html?bvid=BV1Pk4y1g7Yf\"}, \"platform\": \"\", \"developer\": \"NEOWIZ\", \"demo_available\": false}', 'https://www.youtube.com/embed/kXZoKdr-xro', NULL, 'https://store.steampowered.com/app/1627720/', NULL, 'manual', 1, '2026-05-27 18:31:36', '2026-06-03 16:33:28', 3);
INSERT INTO `items` (`id`, `type`, `title`, `slug`, `cover_url`, `wide_cover_url`, `description`, `info_json`, `media_url`, `poster_url`, `external_link`, `external_id`, `source`, `status`, `created_at`, `updated_at`, `carousel_order`) VALUES (46, 'game', 'Armored Core VI', 'armored-core-6', 'https://shared.akamai.steamstatic.com/store_item_assets/steam/apps/1888160/header.jpg?t=1748630736', NULL, 'A new action game based on the concept of the ARMORED CORE series that uses the knowledge gained from FromSoftware\'s recent action game development.', '{\"genre\": \"Action\", \"videos\": {\"youtube\": \"https://www.youtube.com/embed/Vs2piSWfofQ\", \"bilibili\": \"//player.bilibili.com/player.html?bvid=BV1s8411X7Jv\"}, \"platform\": \"\", \"developer\": \"FromSoftware, Inc.\", \"demo_available\": false}', 'https://www.youtube.com/embed/Vs2piSWfofQ', NULL, 'https://store.steampowered.com/app/1888160/', NULL, 'manual', 1, '2026-05-27 18:31:36', '2026-05-27 20:07:55', NULL);
INSERT INTO `items` (`id`, `type`, `title`, `slug`, `cover_url`, `wide_cover_url`, `description`, `info_json`, `media_url`, `poster_url`, `external_link`, `external_id`, `source`, `status`, `created_at`, `updated_at`, `carousel_order`) VALUES (47, 'game', 'Final Fantasy VII Rebirth', 'ff7-rebirth', 'https://picsum.photos/seed/ff7r/600/400', NULL, 'FF7 重制版第二部。离开米德加，探索广阔的盖亚世界。萨菲罗斯的阴影依旧。', '{\"genre\": \"JRPG\", \"platform\": \"PS5\", \"developer\": \"Square Enix\", \"demo_available\": false}', NULL, NULL, NULL, NULL, 'manual', 1, '2026-05-27 18:31:36', '2026-05-27 19:23:13', NULL);
INSERT INTO `items` (`id`, `type`, `title`, `slug`, `cover_url`, `wide_cover_url`, `description`, `info_json`, `media_url`, `poster_url`, `external_link`, `external_id`, `source`, `status`, `created_at`, `updated_at`, `carousel_order`) VALUES (48, 'game', '蔚蓝', '蔚蓝', '/uploads/d6d7f10e-5de8-4251-8353-2990ebe0a6bf.png', 'https://shared.akamai.steamstatic.com/store_item_assets/steam/apps/504230/header.jpg?t=1714089525', '《蔚蓝》这款手工打造的平台游戏节奏极为紧凑，玩家需要在 Madeline 攀登塞莱斯特山 (Celeste Mountain) 的旅程中，帮助她克服内心深处的恐惧。', '{\"genre\": \"Action, Adventure, Indie\", \"videos\": {\"youtube\": \"https://www.youtube.com/embed/70d9irlxiB4\", \"bilibili\": \"//player.bilibili.com/player.html?bvid=BV1Bt411r75q\"}, \"demo_url\": \"https://maddymakesgamesinc.itch.io/celeste\", \"platform\": \"\", \"developer\": \"Maddy Makes Games Inc.\", \"demo_available\": true}', 'https://www.youtube.com/embed/70d9irlxiB4', NULL, 'https://store.steampowered.com/app/504230/', NULL, 'manual', 1, '2026-05-27 19:23:13', '2026-06-23 18:07:38', NULL);
INSERT INTO `items` (`id`, `type`, `title`, `slug`, `cover_url`, `wide_cover_url`, `description`, `info_json`, `media_url`, `poster_url`, `external_link`, `external_id`, `source`, `status`, `created_at`, `updated_at`, `carousel_order`) VALUES (49, 'game', 'Buckshot Roulette', 'buckshot-roulette', 'https://shared.akamai.steamstatic.com/store_item_assets/steam/apps/2835570/header.jpg?t=1779135850', NULL, 'Play Russian roulette with a 12-gauge shotgun. Four enter. One leaves. Roll the dice with your life. Good luck!', '{\"genre\": \"Action, Indie, Simulation\", \"videos\": {\"youtube\": \"https://www.youtube.com/embed/XpU9Wk6uYQ4\", \"bilibili\": \"//player.bilibili.com/player.html?bvid=BV1jC411z7JW\"}, \"demo_url\": \"https://mikeklubnika.itch.io/buckshot-roulette\", \"platform\": \"\", \"developer\": \"Mike Klubnika\", \"demo_available\": true}', 'https://www.youtube.com/embed/XpU9Wk6uYQ4', NULL, 'https://store.steampowered.com/app/2835570/', NULL, 'manual', 1, '2026-05-27 19:23:13', '2026-06-03 16:33:28', 2);
INSERT INTO `items` (`id`, `type`, `title`, `slug`, `cover_url`, `wide_cover_url`, `description`, `info_json`, `media_url`, `poster_url`, `external_link`, `external_id`, `source`, `status`, `created_at`, `updated_at`, `carousel_order`) VALUES (54, 'movie', '奥本海默', 'tmdb-872585', 'https://image.tmdb.org/t/p/w500/a6v21Mgz2w6OQL7ezkQxGbGA92W.jpg', 'https://image.tmdb.org/t/p/w1280/neeNHeXjMF5fXoCJRsOmkNGC7q.jpg', '亲临这部震撼全球的现象级巨制。克里斯托弗·诺兰编剧并执导的本片带领观众深入物理学家J·罗伯特·奥本海默（基里安·墨菲 饰）的内心世界，他在曼哈顿计划中的开创性工作催生了世界上第一颗原子弹。这场无与伦比的银幕盛宴汇聚全明星阵容，包括艾米莉·布朗特、奥斯卡奖得主马特·达蒙、奥斯卡奖提名者小罗伯特·唐尼、奥斯卡奖提名者弗洛伦丝·皮尤、乔什·哈奈特，以及奥斯卡奖得主凯西·阿弗莱克、拉米·马雷克与肯尼思·布拉纳。[环球影业]', '{\"year\": 2023, \"genre\": \"剧情, 历史\", \"videos\": {\"youtube\": \"https://www.youtube.com/embed/hlZO437mwXQ\", \"bilibili\": \"//player.bilibili.com/player.html?bvid=BV1vh41157r8\"}, \"trailer\": \"https://www.youtube.com/embed/hlZO437mwXQ\", \"director\": \"克里斯托弗·诺兰\", \"duration\": \"181min\"}', NULL, NULL, 'https://www.themoviedb.org/movie/872585', '872585', 'tmdb', 1, '2026-05-27 21:06:00', '2026-05-27 21:11:44', NULL);
INSERT INTO `items` (`id`, `type`, `title`, `slug`, `cover_url`, `wide_cover_url`, `description`, `info_json`, `media_url`, `poster_url`, `external_link`, `external_id`, `source`, `status`, `created_at`, `updated_at`, `carousel_order`) VALUES (74, 'movie', '沙丘2', 'tmdb-693134', 'https://image.tmdb.org/t/p/w500/9uaCR4HEZqxUqgORq0uZqTNm43G.jpg', 'https://image.tmdb.org/t/p/w1280/eZ239CUp1d6OryZEBPnO2n87gMG.jpg', '《沙丘2》承接第一部剧情，讲述保罗·厄崔迪（提莫西·查拉梅 Timothée Chalamet 饰）被帕迪沙皇帝和哈克南人联手灭族后，在厄拉科斯星球遇到弗雷曼女战士契妮（赞达亚 Zendaya 饰）以及加入弗雷曼人后展开的传奇旅程。保罗与让他家破人亡的阴谋家们开战，同时面临着一生所爱与已知宇宙命运的两难选择。', '{\"year\": 2024, \"genre\": \"科幻, 冒险\", \"videos\": {\"youtube\": \"https://www.youtube.com/embed/StUhbus2_N4\", \"bilibili\": \"\"}, \"trailer\": \"https://www.youtube.com/embed/StUhbus2_N4\", \"director\": \"丹尼斯·维伦纽瓦\", \"duration\": \"166min\"}', NULL, NULL, 'https://www.themoviedb.org/movie/693134', '693134', 'tmdb', 1, '2026-05-27 21:06:01', '2026-05-27 21:12:37', NULL);
INSERT INTO `items` (`id`, `type`, `title`, `slug`, `cover_url`, `wide_cover_url`, `description`, `info_json`, `media_url`, `poster_url`, `external_link`, `external_id`, `source`, `status`, `created_at`, `updated_at`, `carousel_order`) VALUES (75, 'movie', '你想活出怎样的人生', 'tmdb-508883', 'https://image.tmdb.org/t/p/w500/l4aHizcnMzqQrP39caBatIX7IY3.jpg', 'https://image.tmdb.org/t/p/w1280/a0GM57AnJtNi7lMOCamniiyV10W.jpg', '少年牧真人（山时聪真 配音）的母亲葬身火海后，他随父亲牧胜一（木村拓哉 配音）与继母夏子（木村佳乃 配音）组成新家庭。深陷悲伤的真人阴郁孤僻，难以融入新环境。一次意外，他跟随一只会说话的苍鹭（菅田将晖 配音）闯入废弃的神秘塔楼，却不料进入了奇幻的“亡灵世界”，开始了一场不可思议的冒险……影片片名致敬了小说家吉野源三郎在1937年发表的同名小说，但电影故事由宫崎骏原创。', '{\"year\": 2023, \"genre\": \"动画, 奇幻, 剧情\", \"videos\": {\"youtube\": \"https://www.youtube.com/embed/vS4LJdgA0pE\", \"bilibili\": \"\"}, \"trailer\": \"https://www.youtube.com/embed/vS4LJdgA0pE\", \"director\": \"宫崎骏\", \"duration\": \"124min\"}', NULL, NULL, 'https://www.themoviedb.org/movie/508883', '508883', 'tmdb', 1, '2026-05-27 21:06:02', '2026-05-27 21:12:39', NULL);
INSERT INTO `items` (`id`, `type`, `title`, `slug`, `cover_url`, `wide_cover_url`, `description`, `info_json`, `media_url`, `poster_url`, `external_link`, `external_id`, `source`, `status`, `created_at`, `updated_at`, `carousel_order`) VALUES (76, 'movie', '超级马力欧兄弟大电影', 'tmdb-502356', 'https://image.tmdb.org/t/p/w500/kvxefG51enXTQQwlyn09qorJb4s.jpg', 'https://image.tmdb.org/t/p/w1280/9n2tJBplPbgR2ca05hS5CKXwP2c.jpg', '马力欧（克里斯·帕拉特 Chris Pratt 配音）和路易吉（查理·戴 Charlie Day 饰）是生活在布鲁克林的两名水管工，他们刚刚成立了自己的小公司，但很显然，他们的家人并不完全支持兄弟两人的这份事业。某日，在工作中，马力欧和路易吉被水管吸入到了一个光怪陆离的世界之中，两人在旅途中被迫分开，马力欧来到了由碧姬公主（安雅·泰勒-乔伊 Anya Taylor-Joy 配音）统治的蘑菇王国，而路易吉则不幸的被传送到了由酷霸王（杰克·布莱克 Jack Black 配音）统治的库巴王国。此时，酷霸王正准备大举进攻蘑菇国，掳走公主并和她结婚，在这个节骨眼上，马力欧的出现带给了碧姬公主希望，她带着马力欧来到了丛林王国，请求那里的国王和王子（塞斯·罗根 Seth Aaron Rogen 饰）的支援。', '{\"year\": 2023, \"genre\": \"家庭, 喜剧, 冒险, 奇幻, 动画\", \"videos\": {\"youtube\": \"https://www.youtube.com/embed/aNO17No4V8o\", \"bilibili\": \"\"}, \"trailer\": \"https://www.youtube.com/embed/aNO17No4V8o\", \"director\": \"亚伦·霍瓦特\", \"duration\": \"92min\"}', NULL, NULL, 'https://www.themoviedb.org/movie/502356', '502356', 'tmdb', 1, '2026-05-27 21:06:07', '2026-05-27 21:12:42', NULL);
INSERT INTO `items` (`id`, `type`, `title`, `slug`, `cover_url`, `wide_cover_url`, `description`, `info_json`, `media_url`, `poster_url`, `external_link`, `external_id`, `source`, `status`, `created_at`, `updated_at`, `carousel_order`) VALUES (83, 'movie', '星际穿越', 'movie-星际穿越', 'https://image.tmdb.org/t/p/w500/c35Vwd9rmMQfaEJuUrJRF3LZWJX.jpg', 'https://image.tmdb.org/t/p/w1280/5XNQBqnBwPA9yT0jZ0p3s8bbLh0.jpg', '近未来的地球黄沙遍野，小麦、秋葵等基础农作物相继因枯萎病灭绝，人类不再像从前那样仰望星空，放纵想象力和灵感的迸发，而是每日在沙尘暴的肆虐下倒数着所剩不多的光景。在家务农的前NASA宇航员库珀接连在女儿墨菲的书房发现奇怪的重力场现象，随即得知在某个未知区域内前NASA成员仍秘密进行一个拯救人类的计划。多年以前土星附近出现神秘虫洞，NASA借机将数名宇航员派遣到遥远的星系寻找适合居住的星球。在布兰德教授的劝说下，库珀忍痛告别了女儿，和其他三名专家教授女儿艾米莉亚·布兰德、罗米利、多伊尔搭乘宇宙飞船前往目前已知的最有希望的三颗星球考察。他们穿越遥远的星系银河，感受了一小时七年光阴的沧海桑田，窥见了未知星球和黑洞的壮伟与神秘。在浩瀚宇宙的绝望而孤独角落，总有一份超越了时空的笃定情怀将他们紧紧相连……', '{\"year\": 2014, \"genre\": \"冒险, 剧情, 科幻\", \"videos\": {\"youtube\": \"https://www.youtube.com/embed/1GmqkGScOVY\", \"bilibili\": \"\"}, \"trailer\": \"https://www.youtube.com/embed/1GmqkGScOVY\", \"director\": \"克里斯托弗·诺兰\", \"duration\": \"169min\"}', NULL, NULL, 'https://www.themoviedb.org/movie/157336', '157336', 'tmdb', 1, '2026-05-27 21:08:41', '2026-05-27 21:13:01', NULL);
INSERT INTO `items` (`id`, `type`, `title`, `slug`, `cover_url`, `wide_cover_url`, `description`, `info_json`, `media_url`, `poster_url`, `external_link`, `external_id`, `source`, `status`, `created_at`, `updated_at`, `carousel_order`) VALUES (84, 'movie', '盗梦空间', 'movie-盗梦空间', 'https://image.tmdb.org/t/p/w500/89W962aAnPS3N3BdKgy2BvUhnCh.jpg', 'https://image.tmdb.org/t/p/w1280/8ZTVqvKDQ8emSGUEMjsS4yHAwrp.jpg', '道姆·柯布与同事阿瑟和纳什在一次针对日本能源大亨齐藤（渡边谦 饰）的盗梦行动中失败，反被齐藤利用。齐藤威逼利诱因遭通缉而流亡海外的柯布帮他拆分他竞争对手的公司，采取极端措施在其唯一继承人罗伯特·费希尔的深层潜意识中种下放弃家族公司、自立门户的想法。为了重返美国，柯布偷偷求助于岳父迈尔斯，吸收了年轻的梦境设计师艾里阿德妮、梦境演员艾姆斯和药剂师约瑟夫加入行动。在一层层递进的梦境中，柯布不仅要对付费希尔潜意识的本能反抗，还必须直面已逝妻子梅尔的处处破坏，实际情况远比预想危险得多……', '{\"year\": 2010, \"genre\": \"动作, 科幻, 冒险\", \"videos\": {\"youtube\": \"https://www.youtube.com/embed/8dTeGRLGqNE\", \"bilibili\": \"\"}, \"trailer\": \"https://www.youtube.com/embed/8dTeGRLGqNE\", \"director\": \"克里斯托弗·诺兰\", \"duration\": \"148min\"}', NULL, NULL, 'https://www.themoviedb.org/movie/27205', '27205', 'tmdb', 1, '2026-05-27 21:08:46', '2026-05-28 09:20:04', 3);
INSERT INTO `items` (`id`, `type`, `title`, `slug`, `cover_url`, `wide_cover_url`, `description`, `info_json`, `media_url`, `poster_url`, `external_link`, `external_id`, `source`, `status`, `created_at`, `updated_at`, `carousel_order`) VALUES (86, 'movie', '蜘蛛侠：纵横宇宙', 'movie-蜘蛛侠：纵横宇宙', 'https://image.tmdb.org/t/p/w500/rilpPMoF4LbKcBPb4omiqm7Zjw0.jpg', 'https://image.tmdb.org/t/p/w1280/9xfDWXAUbFXQK585JvByT5pEAhe.jpg', '荣获奥斯卡奖的蜘蛛侠平行宇宙传奇迎来全新篇章。在这段史诗级冒险中，布鲁克林的全职邻家英雄蜘蛛侠迈尔斯·莫拉莱斯将穿越多元宇宙，与格温·史黛西及全新蜘蛛侠团队集结成军，直面前所未见的强大反派。[索尼影业]', '{\"year\": 2023, \"genre\": \"动画, 动作, 冒险, 科幻\", \"videos\": {\"youtube\": \"https://www.youtube.com/embed/EQQcxYtmvGw\", \"bilibili\": \"\"}, \"trailer\": \"https://www.youtube.com/embed/EQQcxYtmvGw\", \"director\": \"肯普·鲍尔斯\", \"duration\": \"140min\"}', NULL, NULL, 'https://www.themoviedb.org/movie/569094', '569094', 'tmdb', 1, '2026-05-27 21:08:57', '2026-05-28 09:20:04', 4);
INSERT INTO `items` (`id`, `type`, `title`, `slug`, `cover_url`, `wide_cover_url`, `description`, `info_json`, `media_url`, `poster_url`, `external_link`, `external_id`, `source`, `status`, `created_at`, `updated_at`, `carousel_order`) VALUES (87, 'movie', '阿凡达：水之道', 'movie-阿凡达：水之道', 'https://image.tmdb.org/t/p/w500/az6FndKaR11uuxnRQucKJ2mmglg.jpg', 'https://image.tmdb.org/t/p/w1280/kJsPVzdyBrYHLomuNv5SJDXUQ2f.jpg', '十多年过去了，曾经截瘫的前海军士兵杰克·萨利（萨姆·沃辛顿饰）永久变身为拥有地球人基因和纳威人基因的“阿凡达”，并与奥马蒂卡亚部落的族长之女奈蒂莉（佐伊·索尔达娜饰）结为夫妇。杰克已经完全适应了他的新身体和族长的身份，并和奈蒂莉有了三个孩子，还收养了格蕾丝留下的女儿琪莉（西格妮·韦弗饰）。四个孩子里，老大纳特亚姆（杰米·福雷特斯饰）最为懂事听话，也很会照顾弟弟妹妹；老二琪莉（西格妮·韦弗 饰）因为不知道自己的父亲是谁，有些敏感；老三洛克（布里坦·道尔顿 饰）酷爱冒险，是家里的闯祸精；最小的妹妹图克（特里尼蒂·布利斯 饰）总是黏着哥哥姐姐们。四人跟人类留下的孤儿“蜘蛛”（杰克·尚皮永饰）是形影不离的好朋友。 原本，将地球人赶走后，杰克一家与族人过上了田园牧歌般的生活。然而，原本死去的迈尔斯·夸里奇上校（史蒂芬·朗饰）化身阿凡达重新归来，一心要找杰克和奈蒂莉复仇。为了族人的安危，也为了保护孩子，杰克决定带着家人离开，前往不易被找到的由罗娜尔（凯特·温斯莱特饰）和特诺瓦里（克利夫·柯蒂斯饰）领导的海洋部落，展开全新的生活。正当一家人经过重重磨合，终于适应以水构筑的新家园时，新的危机也在慢慢靠近。', '{\"year\": 2022, \"genre\": \"动作, 冒险, 科幻\", \"videos\": {\"youtube\": \"https://www.youtube.com/embed/xV6KcDEeGbM\", \"bilibili\": \"\"}, \"trailer\": \"https://www.youtube.com/embed/xV6KcDEeGbM\", \"director\": \"詹姆斯·卡梅隆\", \"duration\": \"193min\"}', NULL, NULL, 'https://www.themoviedb.org/movie/76600', '76600', 'tmdb', 1, '2026-05-27 21:09:02', '2026-05-27 21:09:02', NULL);
INSERT INTO `items` (`id`, `type`, `title`, `slug`, `cover_url`, `wide_cover_url`, `description`, `info_json`, `media_url`, `poster_url`, `external_link`, `external_id`, `source`, `status`, `created_at`, `updated_at`, `carousel_order`) VALUES (88, 'movie', '瞬息全宇宙', 'movie-瞬息全宇宙', 'https://image.tmdb.org/t/p/w500/p8ulGTtp2Syv2U5H32FcWoBQb9v.jpg', 'https://image.tmdb.org/t/p/w1280/ss0Os3uWJfQAENILHZUdX8Tt1OC.jpg', '焦头烂额的移民母亲伊芙琳·王突然接到来自平行宇宙的联络，被告知唯有她能拯救世界。这位看似普通的英雄必须学着掌控自己新获得的力量，在支离破碎的多元宇宙时间线中奋力抗争，以拯救她的家园、家人，以及那个迷失在琐碎生活中的自己。', '{\"year\": 2022, \"genre\": \"动作, 冒险, 科幻\", \"videos\": {\"youtube\": \"https://www.youtube.com/embed/uAMsKHaqRfQ\", \"bilibili\": \"\"}, \"trailer\": \"https://www.youtube.com/embed/uAMsKHaqRfQ\", \"director\": \"丹尼尔·谢纳特\", \"duration\": \"132min\"}', NULL, NULL, 'https://www.themoviedb.org/movie/545611', '545611', 'tmdb', 1, '2026-05-27 21:09:07', '2026-05-27 21:13:06', NULL);
INSERT INTO `items` (`id`, `type`, `title`, `slug`, `cover_url`, `wide_cover_url`, `description`, `info_json`, `media_url`, `poster_url`, `external_link`, `external_id`, `source`, `status`, `created_at`, `updated_at`, `carousel_order`) VALUES (89, 'movie', 'Top Gun: Maverick', 'movie-top-gun-maverick', 'https://image.tmdb.org/t/p/w500/aHniPlfAQykMFhmbUzfn5qtorC7.jpg', 'https://image.tmdb.org/t/p/w1280/AaV1YIdWKnjAIAOe8UUKBFm327v.jpg', '壮志凌云2：独行侠 作为海军顶尖飞行员服役30多年后，皮特·米切尔（代号：“独行侠”）（汤姆·克鲁斯 饰演）决定打破体制的限制，成为一名试飞员接受更大的挑战。当他接到命令，为一项高难度特殊任务训练一群“高空利剑”项目的毕业生时，他遇到了已故的好友兼雷达截获官，代号“笨鹅”的尼克·布拉德肖中尉之子布莱德利·布拉德肖中尉（代号：“公鸡”）。  面对不确定的未来和难以释怀的心魔，独行侠必须战胜内心深处的恐惧。因此，他参与了一项需要巨大牺牲才能完成的任务', '{\"year\": 2022, \"genre\": \"动作, 剧情\", \"videos\": {\"youtube\": \"https://www.youtube.com/embed/Klc__shdj88\", \"bilibili\": \"\"}, \"trailer\": \"https://www.youtube.com/embed/Klc__shdj88\", \"director\": \"约瑟夫·科辛斯基\", \"duration\": \"131min\"}', NULL, NULL, 'https://www.themoviedb.org/movie/361743', '361743', 'tmdb', 1, '2026-05-27 21:09:12', '2026-05-27 21:13:09', NULL);
INSERT INTO `items` (`id`, `type`, `title`, `slug`, `cover_url`, `wide_cover_url`, `description`, `info_json`, `media_url`, `poster_url`, `external_link`, `external_id`, `source`, `status`, `created_at`, `updated_at`, `carousel_order`) VALUES (90, 'movie', '蝙蝠侠：黑暗骑士', 'movie-蝙蝠侠：黑暗骑士', 'https://image.tmdb.org/t/p/w500/xUX0sVHmukGTYLTyqmSF5hpktOU.jpg', 'https://image.tmdb.org/t/p/w1280/cfT29Im5VDvjE0RpyKOSdCKZal7.jpg', '蝙蝠侠在打击犯罪的战争中加大了赌注。在吉姆·戈登警长与地方检察官哈维·丹特的协助下，蝙蝠侠决心清除肆虐哥谭街头的残余犯罪组织。这一联手行动卓有成效，但他们很快发现自己沦为了一场混沌统治的猎物——这场混乱由一位新兴犯罪大师所掀动，惶恐的哥谭市民称他为“小丑”。[华纳兄弟影业]', '{\"year\": 2008, \"genre\": \"动作, 犯罪, 惊悚\", \"videos\": {\"youtube\": \"https://www.youtube.com/embed/_PZpmTj1Q8Q\", \"bilibili\": \"\"}, \"director\": \"克里斯托弗·诺兰\", \"duration\": \"152min\"}', NULL, NULL, 'https://www.themoviedb.org/movie/155', '155', 'tmdb', 1, '2026-05-27 21:09:18', '2026-06-09 08:26:14', 1);
INSERT INTO `items` (`id`, `type`, `title`, `slug`, `cover_url`, `wide_cover_url`, `description`, `info_json`, `media_url`, `poster_url`, `external_link`, `external_id`, `source`, `status`, `created_at`, `updated_at`, `carousel_order`) VALUES (92, 'movie', '泰坦尼克号', 'movie-泰坦尼克号', 'https://image.tmdb.org/t/p/w500/lFYUkUPcFXDzZzSfkiCDsvHIJxj.jpg', 'https://image.tmdb.org/t/p/w1280/xnHVX37XZEp33hhCbYlQFq7ux1J.jpg', '1912年4月10日，号称 “世界工业史上的奇迹”的豪华客轮泰坦尼克号开始了它完工后的首次商业航行，从英国的南安普顿出发驶往美国纽约。富家少女罗丝与母亲及未婚夫卡尔坐上了头等舱；另一边，放荡不羁的少年画家杰克也在码头的一场赌博中赢得了下等舱的船票。罗丝厌倦了上流社会虚伪的生活，不愿嫁给卡尔，打算投海自尽，被杰克救起。很快，美丽活泼的罗丝与英俊开朗的杰克相爱，杰克带罗丝参加下等舱的舞会、为她画像，二人的感情逐渐升温。1912年4月14日，星期天晚上，一个风平浪静的夜晚。泰坦尼克号撞上了冰山，“永不沉没的”泰坦尼克号面临沉船的命运，罗丝和杰克刚萌芽的爱情也将经历生死的考验。', '{\"year\": 1997, \"genre\": \"剧情, 爱情\", \"videos\": {\"youtube\": \"https://www.youtube.com/embed/-9iHB2EU6G8\", \"bilibili\": \"\"}, \"trailer\": \"https://www.youtube.com/embed/-9iHB2EU6G8\", \"director\": \"詹姆斯·卡梅隆\", \"duration\": \"194min\"}', NULL, NULL, 'https://www.themoviedb.org/movie/597', '597', 'tmdb', 1, '2026-05-27 21:09:28', '2026-05-27 21:13:14', NULL);
INSERT INTO `items` (`id`, `type`, `title`, `slug`, `cover_url`, `wide_cover_url`, `description`, `info_json`, `media_url`, `poster_url`, `external_link`, `external_id`, `source`, `status`, `created_at`, `updated_at`, `carousel_order`) VALUES (93, 'movie', '肖申克的救赎', 'movie-肖申克的救赎', 'https://image.tmdb.org/t/p/w500/Aqo8yM5S5ZEdlcyeBBxj7s0vkTf.jpg', 'https://image.tmdb.org/t/p/w1280/zfbjgQE1uSd9wiPTX4VzsLi0rGG.jpg', '安迪·杜佛兰被错判谋杀妻子及其情人，在缅因州肖申克服刑，判处两项无期徒刑接连执行。影片背景设定于1940年代，展现安迪如何在残酷的监狱环境中艰难求生，甚至赢得狱友们的敬重——尤其是与老囚徒“瑞德”·雷丁之间深厚的友谊。', '{\"year\": 1994, \"genre\": \"剧情, 犯罪\", \"videos\": {\"youtube\": \"https://www.youtube.com/embed/PLl99DlL6b4\", \"bilibili\": \"\"}, \"trailer\": \"https://www.youtube.com/embed/PLl99DlL6b4\", \"director\": \"弗兰克·德拉邦特\", \"duration\": \"142min\"}', NULL, NULL, 'https://www.themoviedb.org/movie/278', '278', 'tmdb', 1, '2026-05-27 21:09:34', '2026-05-28 09:20:04', 2);
INSERT INTO `items` (`id`, `type`, `title`, `slug`, `cover_url`, `wide_cover_url`, `description`, `info_json`, `media_url`, `poster_url`, `external_link`, `external_id`, `source`, `status`, `created_at`, `updated_at`, `carousel_order`) VALUES (95, 'movie', '寄生虫', 'movie-寄生虫', 'https://image.tmdb.org/t/p/w500/nwTQE4vWe6NoFSEgxGu4hO9J4Tv.jpg', 'https://image.tmdb.org/t/p/w1280/TU9NIjwzjoKPwQHoHshkFcQUCG.jpg', '这部定义时代精神的惊世之作，将全球范围内对阶级不平等的审视浓缩为一场流行电影的反叛风暴。奉俊昊导演以这部打破类型桎梏的黑色喜剧惊悚片，奠定了其世界顶尖电影作者的地位。故事聚焦首尔的两个家庭——一户在低洼社区潮湿半地下室里挣扎求生的底层家庭，另一户则居住于可俯瞰城市的现代建筑奇观中尽享奢华。当两家人的命运因危险关系交织在一起时，资本主义的黑暗裂隙以惊人之势被彻底撕裂。影片凭借导演精心构建的戏剧场景、出色的群像演绎与震撼的视觉设计，成为一部技艺卓绝的典范之作。从戛纳到奥斯卡，横扫几乎所有国际至高奖项，更以首部非英语片问鼎最佳影片的历史性突破，宣告韩国新电影已成为不可忽视的世界力量。', '{\"year\": 2019, \"genre\": \"喜剧, 惊悚, 剧情\", \"videos\": {\"youtube\": \"https://www.youtube.com/embed/lkA5ifth91k\", \"bilibili\": \"\"}, \"trailer\": \"https://www.youtube.com/embed/lkA5ifth91k\", \"director\": \"奉俊昊\", \"duration\": \"132min\"}', NULL, NULL, 'https://www.themoviedb.org/movie/496243', '496243', 'tmdb', 1, '2026-05-27 21:10:12', '2026-05-27 21:13:19', NULL);
INSERT INTO `items` (`id`, `type`, `title`, `slug`, `cover_url`, `wide_cover_url`, `description`, `info_json`, `media_url`, `poster_url`, `external_link`, `external_id`, `source`, `status`, `created_at`, `updated_at`, `carousel_order`) VALUES (96, 'movie', '千与千寻', 'movie-千与千寻', 'https://image.tmdb.org/t/p/w500/9oZmkkNlI4Ktx6NTkdpeU525qSc.jpg', 'https://image.tmdb.org/t/p/w1280/dyJvKsNs2KP8qQnAXbRwDjblViy.jpg', '小女孩千寻被困在一个陌生的精灵世界。当她的父母发生神秘变化后，她必须鼓起自己从未发现的勇气，才能解救自己，并将家人带回外面的世界。', '{\"year\": 2001, \"genre\": \"动画, 家庭, 奇幻\", \"videos\": {\"youtube\": \"https://www.youtube.com/embed/GAp2_0JJskk\", \"bilibili\": \"\"}, \"trailer\": \"https://www.youtube.com/embed/GAp2_0JJskk\", \"director\": \"宫崎骏\", \"duration\": \"125min\"}', NULL, NULL, 'https://www.themoviedb.org/movie/129', '129', 'tmdb', 1, '2026-05-27 21:10:14', '2026-05-27 21:13:22', NULL);
INSERT INTO `items` (`id`, `type`, `title`, `slug`, `cover_url`, `wide_cover_url`, `description`, `info_json`, `media_url`, `poster_url`, `external_link`, `external_id`, `source`, `status`, `created_at`, `updated_at`, `carousel_order`) VALUES (98, 'movie', '给阿嬷的情书', 'tmdb-1671548', 'https://image.tmdb.org/t/p/w500/s0sC3hPPX4OobLNfdl2iSs2vtvI.jpg', 'https://image.tmdb.org/t/p/w1280/dzWGnIAjUafpmY57F6vnm44FwWB.jpg', '潮汕阿嬷叶淑柔一直守着平淡的日子，安享晚年。孙子晓伟因债务缠身，瞒着家人远赴泰国，寻找传闻中已成亿万富豪的阿公郑木生。然而，一个令人意外的消息打破了整个家庭的平静：多年来一直通过跨国信件与阿嬷“谈情说爱”诉说思念的人，竟然并非阿嬷的丈夫郑木生。随着晓伟的调查，一个感人的真相被缓缓揭开。', '{\"year\": 2026, \"genre\": \"剧情, 家庭, 喜剧\", \"videos\": {\"bilibili\": \"//player.bilibili.com/player.html?bvid=BV1mZRiBDEQJ\"}, \"trailer\": \"https://www.youtube.com/embed/e9VlQ2XJzTk\", \"director\": \"蓝鸿春\", \"duration\": \"118min\"}', NULL, NULL, 'https://www.themoviedb.org/movie/1671548', '1671548', 'tmdb', 1, '2026-05-28 00:42:23', '2026-05-28 00:42:23', NULL);
INSERT INTO `items` (`id`, `type`, `title`, `slug`, `cover_url`, `wide_cover_url`, `description`, `info_json`, `media_url`, `poster_url`, `external_link`, `external_id`, `source`, `status`, `created_at`, `updated_at`, `carousel_order`) VALUES (99, 'movie', '人鬼情未了', 'tmdb-251', 'https://image.tmdb.org/t/p/w500/zsbgH75dl1YQjHx3bpPlENYHpgw.jpg', 'https://image.tmdb.org/t/p/w1280/6nLdSON3ErniBZTXWG7WRqs5jGz.jpg', '　　年轻的银行职员萨姆（帕特里克•斯威兹）与未婚妻美莉（黛咪•摩尔）相爱极深，在朋友卡尔（托尼•戈德温）的热情帮助下，他们搬进一幢漂亮的公寓，做着结婚前的准备。某晚看戏归来时，他们遭遇持枪歹徒，与歹徒搏斗时，萨姆不幸中枪身亡，美莉悲痛欲绝。  　　萨姆变作幽灵，发现卡尔是导致他死亡的幕后策划，而为了窃取银行里的巨款，他又对美莉展开追求，以便获得萨姆所掌握的密码。为了保护美莉，萨姆常常游荡于她的周围，并渐渐地学会了如何使用力量，但他苦于无法同美莉交流。在能与幽灵沟通的灵媒奥塔的帮助下，他与美莉取得联系，但美莉起初并不相信，直到事实令她感受到萨姆的存在，可是，深深相爱的两人仍无法直接接触和交流。', '{\"year\": 1990, \"genre\": \"奇幻, 爱情, 惊悚\", \"videos\": {\"bilibili\": \"\"}, \"trailer\": \"\", \"director\": \"杰瑞·扎克\", \"duration\": \"127min\"}', NULL, 'https://image.tmdb.org/t/p/w500/zsbgH75dl1YQjHx3bpPlENYHpgw.jpg', 'https://www.themoviedb.org/movie/251', '251', 'tmdb', 1, '2026-05-28 01:05:12', '2026-05-28 01:05:12', NULL);
INSERT INTO `items` (`id`, `type`, `title`, `slug`, `cover_url`, `wide_cover_url`, `description`, `info_json`, `media_url`, `poster_url`, `external_link`, `external_id`, `source`, `status`, `created_at`, `updated_at`, `carousel_order`) VALUES (101, 'movie', '低俗小说', 'tmdb-680', 'https://image.tmdb.org/t/p/w500/WZW5PCtCbtyKfojdLlPCi89DNx.jpg', 'https://image.tmdb.org/t/p/w1280/suaEOtk1N1sgg2MTM7oZd2cfVp3.jpg', '　《低俗小说》由“文森特和马沙的妻子”、“金表”、“邦妮的处境”三个故事以及影片首尾的序幕和尾声五个部分组成。看似独立的小故事里面，却又有环环相扣的人和事。\r 盗贼“小南瓜”和“小兔子”在早餐店里打劫，却遇上了天大的麻烦——黑社会成员朱尔斯（塞缪尔•杰克逊Samuel L. Jackson饰）和文森特（约翰•特拉沃尔塔John Travolta饰）在店内用餐，可谓天外有天。二人是否会放过两名小盗贼？\r 而文森特是黑社会大哥马沙•华莱士（文•瑞姆斯Ving Rhames饰）的手下，马沙下命令让他陪妻子一个晚上，明知如有雷池必死无疑，但面对马沙妻子美艳诱惑，文森特该怎么办。\r 文森特的故事还没完，拳击手布奇（布鲁斯•威利斯Bruce Willis饰）的出现将令他的人生从此改变。布奇有一块祖传金表，就是因为这块金表，他和马沙分享了一个耻辱的秘密。\r 故事环状结构，回到开端。朱尔斯在小盗贼面前诵读圣经，表示对杀人的厌倦和感悟。什么事件令他如此转变？“邦妮的处境”中就有答案。', '{\"year\": 1994, \"genre\": \"惊悚, 犯罪, 喜剧\", \"videos\": {\"youtube\": \"https://www.youtube.com/embed/tGpTpVyI_OQ\", \"bilibili\": \"\"}, \"trailer\": \"\", \"director\": \"昆汀·塔伦蒂诺\", \"duration\": \"154min\"}', NULL, NULL, 'https://www.themoviedb.org/movie/680', '680', 'tmdb', 1, '2026-05-28 01:15:31', '2026-05-28 01:15:31', NULL);
INSERT INTO `items` (`id`, `type`, `title`, `slug`, `cover_url`, `wide_cover_url`, `description`, `info_json`, `media_url`, `poster_url`, `external_link`, `external_id`, `source`, `status`, `created_at`, `updated_at`, `carousel_order`) VALUES (110, 'movie', '科比的缪斯', 'tmdb-300761', 'https://image.tmdb.org/t/p/w500/p9jpl4brgiymBSBod61hAV7ONKn.jpg', '/uploads/3aa7909b-8a60-467b-9817-4017e04587dc.webp', '　　这部长篇记录片背标邦威记录科比的生活，灵感及遇到的挑战，也为他下一季重回NBA赛季奠定了基础。这部片子还会聚焦在科比在其职业生涯内所取得的成功及面临的挑战，让大家看到另一面的篮球明星。科比在片中也会谈到自己对于运动生涯结束后的规划，尽管没有给出详细的例子，但是Showt ime节目表示科比的“个人成长经历”也会着重被讲述。\r 　　“《科比·布莱恩特的缪斯》将提供给观众一个全面的职业运动员，一个已经超越了自身职业并成为了一个标志性人物的运动员”。美国娱乐时间电视台执行副总裁埃斯皮诺萨表示，“我们很高兴，科比给了我们这个前所未有的访问，这将让我们的观众见证一次NBA的最伟大球员之一生命中这样一个充满挑战的时期”。\r 　　科比·布莱恩特，18次进入NBA全明星赛，五次进入NBA总冠军赛，因为左膝受伤而缺席了2013-14赛季。', '{\"year\": 2015, \"genre\": \"纪录, 电视电影, 体育\", \"videos\": {\"youtube\": \"https://www.youtube.com/embed/8dga5amhKnQ\", \"bilibili\": \"\"}, \"director\": \"Gotham Chopra\", \"duration\": \"83min\"}', '', NULL, 'https://www.youtube.com/embed/8dga5amhKnQ', '300761', 'tmdb', 1, '2026-05-28 01:46:39', '2026-05-28 09:44:14', 0);
INSERT INTO `items` (`id`, `type`, `title`, `slug`, `cover_url`, `wide_cover_url`, `description`, `info_json`, `media_url`, `poster_url`, `external_link`, `external_id`, `source`, `status`, `created_at`, `updated_at`, `carousel_order`) VALUES (285, 'anime', '葬送的芙莉莲', 'sousou-no-frieren', 'https://picsum.photos/seed/frieren/600/400', NULL, '勇者一行击败魔王后，精灵魔法使芙莉莲踏上理解人类情感的旅程。2023 年度动画天花板，温柔而深沉。', '{\"year\": 2023, \"genre\": \"奇幻, 治愈\", \"origin\": \"日漫\", \"studio\": \"MADHOUSE\", \"videos\": {\"bilibili\": \"//player.bilibili.com/player.html?bvid=BV1uN411n7zt\"}}', '//player.bilibili.com/player.html?bvid=BV1uN411n7zt', NULL, NULL, NULL, 'manual', 1, '2026-05-28 10:18:17', '2026-05-28 13:16:28', 1);
INSERT INTO `items` (`id`, `type`, `title`, `slug`, `cover_url`, `wide_cover_url`, `description`, `info_json`, `media_url`, `poster_url`, `external_link`, `external_id`, `source`, `status`, `created_at`, `updated_at`, `carousel_order`) VALUES (286, 'anime', '鬼灭之刃 柱训练篇', 'kimetsu-no-yaiba-hashira', 'https://picsum.photos/seed/kimetsu/600/400', NULL, '炭治郎一行参加鬼杀队柱级训练，为最终决战做准备。飞碟社顶级作画，水之呼吸视觉盛宴。', '{\"year\": 2024, \"genre\": \"热血, 战斗\", \"origin\": \"日漫\", \"studio\": \"ufotable\", \"videos\": {\"bilibili\": \"//player.bilibili.com/player.html?bvid=BV1Ff421m7TF\"}}', '//player.bilibili.com/player.html?bvid=BV1Ff421m7TF', NULL, NULL, NULL, 'manual', 1, '2026-05-28 10:18:17', '2026-05-28 10:18:17', NULL);
INSERT INTO `items` (`id`, `type`, `title`, `slug`, `cover_url`, `wide_cover_url`, `description`, `info_json`, `media_url`, `poster_url`, `external_link`, `external_id`, `source`, `status`, `created_at`, `updated_at`, `carousel_order`) VALUES (287, 'anime', '咒术回战 第二季', 'jujutsu-kaisen-s2', 'https://picsum.photos/seed/jujutsu/600/400', NULL, '涩谷事变篇。五条悟被封印，虎杖一行人面对前所未有的危机。MAPPA 巅峰作画水准。', '{\"year\": 2023, \"genre\": \"战斗, 黑暗奇幻\", \"origin\": \"日漫\", \"studio\": \"MAPPA\", \"videos\": {\"bilibili\": \"//player.bilibili.com/player.html?bvid=BV1tG41167bs\"}}', '//player.bilibili.com/player.html?bvid=BV1tG41167bs', NULL, NULL, NULL, 'manual', 1, '2026-05-28 10:18:17', '2026-05-28 13:16:28', 2);
INSERT INTO `items` (`id`, `type`, `title`, `slug`, `cover_url`, `wide_cover_url`, `description`, `info_json`, `media_url`, `poster_url`, `external_link`, `external_id`, `source`, `status`, `created_at`, `updated_at`, `carousel_order`) VALUES (288, 'anime', '迷宫饭', 'dungeon-meshi', 'https://picsum.photos/seed/dungeon-meshi/600/400', NULL, '在迷宫中把魔物做成美食！冒险者小队没钱吃饭？那就把史莱姆炖了。Trigger 出品的美食冒险喜剧。', '{\"year\": 2024, \"genre\": \"美食, 冒险, 喜剧\", \"origin\": \"日漫\", \"studio\": \"Trigger\", \"videos\": {\"bilibili\": \"//player.bilibili.com/player.html?bvid=BV1HC411h7RZ\"}}', '//player.bilibili.com/player.html?bvid=BV1HC411h7RZ', NULL, NULL, NULL, 'manual', 1, '2026-05-28 10:18:17', '2026-05-28 10:18:17', NULL);
INSERT INTO `items` (`id`, `type`, `title`, `slug`, `cover_url`, `wide_cover_url`, `description`, `info_json`, `media_url`, `poster_url`, `external_link`, `external_id`, `source`, `status`, `created_at`, `updated_at`, `carousel_order`) VALUES (289, 'anime', '药屋少女的呢喃', 'kusuriya-no-hitorigoto', 'https://picsum.photos/seed/kusuriya/600/400', NULL, '后宫试毒少女猫猫靠药理知识破解宫廷谜案。中国风宫廷悬疑 + 独特女主魅力。', '{\"year\": 2023, \"genre\": \"悬疑, 宫廷, 历史\", \"origin\": \"日漫\", \"studio\": \"TOHO animation STUDIO×OLM\", \"videos\": {\"bilibili\": \"//player.bilibili.com/player.html?bvid=BV1xH4y1y7HK\"}}', '//player.bilibili.com/player.html?bvid=BV1xH4y1y7HK', NULL, NULL, NULL, 'manual', 1, '2026-05-28 10:18:17', '2026-05-28 13:16:28', 4);
INSERT INTO `items` (`id`, `type`, `title`, `slug`, `cover_url`, `wide_cover_url`, `description`, `info_json`, `media_url`, `poster_url`, `external_link`, `external_id`, `source`, `status`, `created_at`, `updated_at`, `carousel_order`) VALUES (290, 'anime', '【我推的孩子】', 'oshi-no-ko', 'https://picsum.photos/seed/oshinoko/600/400', NULL, '偶像×转生×娱乐圈悬疑。星野爱被刺杀后，她的双胞胎踏上真相之路。第一集 90 分钟封神。', '{\"year\": 2023, \"genre\": \"悬疑, 偶像, 剧情\", \"origin\": \"日漫\", \"studio\": \"动画工房\", \"videos\": {\"bilibili\": \"//player.bilibili.com/player.html?bvid=BV1Bs4y1X7gS\"}}', '//player.bilibili.com/player.html?bvid=BV1Bs4y1X7gS', NULL, NULL, NULL, 'manual', 1, '2026-05-28 10:18:17', '2026-05-28 13:16:28', 3);
INSERT INTO `items` (`id`, `type`, `title`, `slug`, `cover_url`, `wide_cover_url`, `description`, `info_json`, `media_url`, `poster_url`, `external_link`, `external_id`, `source`, `status`, `created_at`, `updated_at`, `carousel_order`) VALUES (292, 'anime', '雾山五行', 'wushan-wuxing', 'https://picsum.photos/seed/wushan/600/400', NULL, '林魂导演的水墨战斗神作。五行家族与妖兽的宿命对决，每一帧都是国画壁纸。', '{\"year\": 2023, \"genre\": \"战斗, 中国风, 热血\", \"origin\": \"国漫\", \"studio\": \"六道无鱼\", \"videos\": {\"bilibili\": \"//player.bilibili.com/player.html?bvid=BV14V4y1m7LV\"}}', '//player.bilibili.com/player.html?bvid=BV14V4y1m7LV', NULL, NULL, NULL, 'manual', 1, '2026-05-28 10:18:17', '2026-05-28 10:18:17', NULL);
INSERT INTO `items` (`id`, `type`, `title`, `slug`, `cover_url`, `wide_cover_url`, `description`, `info_json`, `media_url`, `poster_url`, `external_link`, `external_id`, `source`, `status`, `created_at`, `updated_at`, `carousel_order`) VALUES (293, 'anime', '拾荒者统治', 'scavengers-reign', 'https://picsum.photos/seed/scavengers/600/400', NULL, '外星坠毁幸存者的超现实求生之旅。诡异又美丽的生态系统，年度最佳科幻动画之一。', '{\"year\": 2023, \"genre\": \"科幻, 生存, 奇幻\", \"origin\": \"美漫\", \"studio\": \"Titmouse×Max\", \"videos\": {\"bilibili\": \"//player.bilibili.com/player.html?bvid=BV1yC4y1K7GM\"}}', '//player.bilibili.com/player.html?bvid=BV1yC4y1K7GM', NULL, NULL, NULL, 'manual', 1, '2026-05-28 10:18:17', '2026-05-28 10:18:17', NULL);
INSERT INTO `items` (`id`, `type`, `title`, `slug`, `cover_url`, `wide_cover_url`, `description`, `info_json`, `media_url`, `poster_url`, `external_link`, `external_id`, `source`, `status`, `created_at`, `updated_at`, `carousel_order`) VALUES (294, 'anime', '蓝色监狱', 'blue-lock', 'https://picsum.photos/seed/bluelock/600/400', NULL, '300 名前锋被关进蓝色监狱，淘汰到只剩一人。最狂足球动画，利己主义者的生存游戏。', '{\"year\": 2022, \"genre\": \"运动, 竞技, 热血\", \"origin\": \"日漫\", \"studio\": \"8bit\", \"videos\": {\"bilibili\": \"//player.bilibili.com/player.html?bvid=BV1CG4y1f7nR\"}}', '//player.bilibili.com/player.html?bvid=BV1CG4y1f7nR', NULL, NULL, NULL, 'manual', 1, '2026-05-28 10:18:17', '2026-05-28 10:18:17', NULL);
INSERT INTO `items` (`id`, `type`, `title`, `slug`, `cover_url`, `wide_cover_url`, `description`, `info_json`, `media_url`, `poster_url`, `external_link`, `external_id`, `source`, `status`, `created_at`, `updated_at`, `carousel_order`) VALUES (295, 'anime', '镇魂街', 'anilist-99707', 'https://s4.anilist.co/file/anilistcdn/media/anime/cover/medium/bx99707-VpuVWgyNltUV.png', '/uploads/5fbcdba7-b4f8-4572-80e9-17d77c5d4749.jpg', 'Based on the Chinese Manhua. Requiem Street, where evil spirits are attracted to in order to destroy them. A place where spirits and humans co-exist, not all humans can enter Requiem Street. Only those rare-soul users with guardian spirits can enter. Xia Ling was just a normal university intern, but a meeting by chance changes her ordinary life... In this world full of evil spirits, can you cooperate with your guardian spirit in order to survive?\n', '{\"year\": \"\", \"genre\": \"Action, Drama, Supernatural\", \"origin\": \"国漫\", \"studio\": \"L² Studio\", \"videos\": {\"youtube\": \"\", \"bilibili\": \"\"}, \"episodes\": 24}', NULL, NULL, 'https://anilist.co/anime/99707', '99707', 'anilist', 1, '2026-05-28 10:45:34', '2026-06-09 06:05:53', NULL);
INSERT INTO `items` (`id`, `type`, `title`, `slug`, `cover_url`, `wide_cover_url`, `description`, `info_json`, `media_url`, `poster_url`, `external_link`, `external_id`, `source`, `status`, `created_at`, `updated_at`, `carousel_order`) VALUES (302, 'movie', '猫和老鼠', 'tmdb-587807', 'https://image.tmdb.org/t/p/w500/54ngjKpxAxht9PsbXT6DgJsYvyq.jpg', 'https://image.tmdb.org/t/p/w1280/69USXLJEXcgMzlhZi7bmaCORxHn.jpg', '“超杀女”科洛·莫瑞兹饰演的少女凯拉刚刚入职豪华大酒店，就碰上了叫人头疼的难题——杰瑞竟然想在酒店里定居，令酒店最近承接的世纪婚礼岌岌可危。于是，汤姆被凯拉雇佣成为酒店员工，目的是赶走杰瑞，这对欢喜冤家就此展开了一场你追我赶的爆笑喜剧。', '{\"year\": 2021, \"genre\": \"喜剧, 家庭, 动画\", \"videos\": {\"bilibili\": \"\"}, \"trailer\": \"\", \"director\": \"蒂姆·斯道瑞\", \"duration\": \"101min\"}', NULL, NULL, 'https://www.themoviedb.org/movie/587807', '587807', 'tmdb', 0, '2026-05-28 11:10:17', '2026-05-28 11:10:17', NULL);
INSERT INTO `items` (`id`, `type`, `title`, `slug`, `cover_url`, `wide_cover_url`, `description`, `info_json`, `media_url`, `poster_url`, `external_link`, `external_id`, `source`, `status`, `created_at`, `updated_at`, `carousel_order`) VALUES (303, 'movie', '猫和老鼠：西部大冒险', 'tmdb-892153', 'https://image.tmdb.org/t/p/w500/xg6tfdV0EkERagRLteGSNyetWZA.jpg', 'https://image.tmdb.org/t/p/w1280/q1NXVYTqSStNQsnKrCvtU6NPzEk.jpg', '这部电影在荒野的西部发现了猫和老鼠二人组，他们在那里帮助从一个恶棍手中拯救了一个牧场。竞争对手联手帮助一个女牛仔和她的兄弟从贪婪的土地掠夺者手中拯救他们的家园。杰瑞的三个早熟的侄子也加入了行动，汤姆围捕了一队土拨鼠。', '{\"year\": 2022, \"genre\": \"动画, 喜剧, 家庭, 西部\", \"videos\": {\"bilibili\": \"\"}, \"trailer\": \"\", \"director\": \"Darrell Van Citters\", \"duration\": \"75min\"}', NULL, NULL, 'https://www.themoviedb.org/movie/892153', '892153', 'tmdb', 0, '2026-05-28 11:10:17', '2026-05-28 11:10:17', NULL);
INSERT INTO `items` (`id`, `type`, `title`, `slug`, `cover_url`, `wide_cover_url`, `description`, `info_json`, `media_url`, `poster_url`, `external_link`, `external_id`, `source`, `status`, `created_at`, `updated_at`, `carousel_order`) VALUES (304, 'movie', '猫和老鼠电影版', 'tmdb-22582', 'https://image.tmdb.org/t/p/w500/k68ZB5trRKcEJSQdPiY6jtxVq14.jpg', 'https://image.tmdb.org/t/p/w1280/7x9IsfdRlYXWyy817neZntOM0DN.jpg', '萝苹原以为自己是位孤儿，受不了姑婆的虐待逃离家里。一心前往与父亲的小木屋在街上流浪遇到一对毛和老鼠汤姆和杰瑞患难见真情.他们从原来的排斥到后来的携手合作帮萝苹找到了父亲。', '{\"year\": 1993, \"genre\": \"动画, 喜剧, 家庭\", \"videos\": {\"bilibili\": \"\"}, \"trailer\": \"\", \"director\": \"Phil Roman\", \"duration\": \"84min\"}', NULL, NULL, 'https://www.themoviedb.org/movie/22582', '22582', 'tmdb', 0, '2026-05-28 11:10:17', '2026-05-28 11:10:17', NULL);
INSERT INTO `items` (`id`, `type`, `title`, `slug`, `cover_url`, `wide_cover_url`, `description`, `info_json`, `media_url`, `poster_url`, `external_link`, `external_id`, `source`, `status`, `created_at`, `updated_at`, `carousel_order`) VALUES (306, 'movie', '猫和老鼠：飙风天王', 'tmdb-42246', 'https://image.tmdb.org/t/p/w500/kJiUWgcbCqD9GZCsJZYmGDU17sw.jpg', 'https://image.tmdb.org/t/p/w1280/bXILbW1i0WRShd6s4LfLKdJM6zm.jpg', '　　比赛开始！全球人气最旺的卡通猫鼠搭档，也因此被扫地出门…因为他们专门坏事！他们下一步是实境电视节目，他们报名超级大赛车，第一名的奖品是一栋豪宅。汤姆猫与杰米鼠不按牌理出牌的脱线演出，让该节目的收视率节节高升高，电视台的高层也因此乐不可支。我们敢拍胸脯保证，若您看了这部疯狂搞笑的卡通片也一样笑得合不拢嘴。在这部老少咸宜疯狂搞笑的卡通片中，所有的观众都是赢家。', '{\"year\": 2005, \"genre\": \"动画, 喜剧, 家庭, 动作\", \"videos\": {\"bilibili\": \"\"}, \"trailer\": \"\", \"director\": \"Bill Kopp\", \"duration\": \"75min\"}', NULL, NULL, 'https://www.themoviedb.org/movie/42246', '42246', 'tmdb', 0, '2026-05-28 11:10:17', '2026-05-28 11:10:17', NULL);
INSERT INTO `items` (`id`, `type`, `title`, `slug`, `cover_url`, `wide_cover_url`, `description`, `info_json`, `media_url`, `poster_url`, `external_link`, `external_id`, `source`, `status`, `created_at`, `updated_at`, `carousel_order`) VALUES (307, 'movie', '猫和老鼠：海盗寻宝', 'tmdb-60293', 'https://image.tmdb.org/t/p/w500/xEIqCPw372pdkf50C0bCT66HOJy.jpg', 'https://image.tmdb.org/t/p/w1280/sTTQggCcbkf8KWmdYDx0kIhEXxI.jpg', '在浩瀚无边的国际公海上，红海盗罗恩率领手下横行霸道。懒惰的汤姆和机敏的杰瑞也在这艘船上，一番例行的追逐吵闹过后，汤姆捡到一支漂流瓶，并意外在里面发现一张藏宝图。里面记录了西班牙船队金银财宝的秘密，同时也藏着可怕的诅咒：如果不在天黑前把地图放回漂流瓶重新扔回大海的话，那么将会遭遇可怕的噩运。慌张的汤姆正要将其放回，谁知地图却被红海盗抢走。当然，这也引发了罗恩和兄弟蓝海盗鲍勃的争斗。刀光剑影，你来我往，混乱的拼杀过后，他们错过了太阳落山的时刻，结果海盗船被西班牙骷髅幽灵霸占。几经辗转，汤姆、杰瑞终于随红海盗他们来到藏宝的小岛，并见到早已失踪的紫海盗，冒险仍在继续……', '{\"year\": 2006, \"genre\": \"动画, 喜剧, 家庭, 冒险\", \"videos\": {\"bilibili\": \"\"}, \"trailer\": \"\", \"director\": \"Scott Jeralds\", \"duration\": \"74min\"}', NULL, NULL, 'https://www.themoviedb.org/movie/60293', '60293', 'tmdb', 0, '2026-05-28 11:10:17', '2026-05-28 11:10:17', NULL);
INSERT INTO `items` (`id`, `type`, `title`, `slug`, `cover_url`, `wide_cover_url`, `description`, `info_json`, `media_url`, `poster_url`, `external_link`, `external_id`, `source`, `status`, `created_at`, `updated_at`, `carousel_order`) VALUES (308, 'movie', '猫和老鼠：魔法戒指', 'tmdb-14787', 'https://image.tmdb.org/t/p/w500/fF6I48WGKktHfGYYSVKPTVildWE.jpg', 'https://image.tmdb.org/t/p/w1280/dS9wDDuVyiq5pQRD8ab4JcM6Doy.jpg', '猫咪汤姆和老鼠杰瑞是一对欢喜冤家，他们常常为了鸡毛蒜皮的小事闹得天翻地覆。主人制造出了一只魔戒，命令汤姆日夜看管不得有误。谁料调皮的杰瑞偷来魔戒，还把它当成皇冠戴在头上。这下，可把汤姆急坏了，发誓在主人发现前找回魔戒。虽然在魔戒的帮助下杰瑞躲过了汤姆一次次的“追捕”，可是汤姆怎肯轻易罢休。一场猫鼠大战就此开演……', '{\"year\": 2002, \"genre\": \"动画, 喜剧, 家庭, 奇幻\", \"videos\": {\"bilibili\": \"\"}, \"trailer\": \"\", \"director\": \"James T. Walker\", \"duration\": \"62min\"}', NULL, NULL, 'https://www.themoviedb.org/movie/14787', '14787', 'tmdb', 0, '2026-05-28 11:10:17', '2026-05-28 11:10:17', NULL);
INSERT INTO `items` (`id`, `type`, `title`, `slug`, `cover_url`, `wide_cover_url`, `description`, `info_json`, `media_url`, `poster_url`, `external_link`, `external_id`, `source`, `status`, `created_at`, `updated_at`, `carousel_order`) VALUES (312, 'movie', '猫和老鼠：间谍使命', 'tmdb-343977', 'https://image.tmdb.org/t/p/w500/5tCVbv0OlEdhBSnK0f7xO39uLwn.jpg', 'https://image.tmdb.org/t/p/w1280/vOjJf8avUb0yZbnpUBYq3y13wYj.jpg', '2015全新动感的华纳大动画电影——汤姆和杰瑞之间谍任务。任何年龄的汤姆和杰瑞迷都不会想错过和汤姆和杰瑞一起去冒险，一起去拯救世界，一起踏上危险的间谍任务。', '{\"year\": 2015, \"genre\": \"动画, 喜剧, 家庭\", \"videos\": {\"bilibili\": \"\"}, \"trailer\": \"\", \"director\": \"Spike Brandt\", \"duration\": \"73min\"}', NULL, NULL, 'https://www.themoviedb.org/movie/343977', '343977', 'tmdb', 0, '2026-05-28 11:10:17', '2026-05-28 11:10:17', NULL);
INSERT INTO `items` (`id`, `type`, `title`, `slug`, `cover_url`, `wide_cover_url`, `description`, `info_json`, `media_url`, `poster_url`, `external_link`, `external_id`, `source`, `status`, `created_at`, `updated_at`, `carousel_order`) VALUES (314, 'movie', '猫和老鼠：回到奥兹', 'tmdb-403510', 'https://image.tmdb.org/t/p/w500/kilE7AJV1gEecTzW51XNi8YHBvs.jpg', 'https://image.tmdb.org/t/p/w1280/6cXwjZTHRSFTgEvNdnKUw93Pnv6.jpg', '随着西方的邪恶女巫现在从奥兹征服，汤姆和杰瑞以及多萝西回到了堪萨斯！ 但是不久之后，一个全新的恶棍从神奇的土地 - 侏儒王下面浮现出来！ 抓住好女巫后，Gnome King和他的军队在整个Oz中肆虐，只需要一件物品来控制翡翠城，Dorothy的红宝石拖鞋！ 这取决于我们最喜欢的猫捉老鼠二人组合，回到Oz并拯救他们喜爱的土地。 在魔法之旅中，带着多萝西，托托，稻草人，铁皮人和狮子一起走向天空。 当他们在黄砖路上遭遇全新的恐怖和恶作剧时，笑声和冒险将会咆哮，因为我们不再在堪萨斯州了！“', '{\"year\": 2016, \"genre\": \"动画, 喜剧, 家庭, 奇幻, 冒险\", \"videos\": {\"bilibili\": \"\"}, \"trailer\": \"\", \"director\": \"Spike Brandt\", \"duration\": \"81min\"}', NULL, NULL, 'https://www.themoviedb.org/movie/403510', '403510', 'tmdb', 0, '2026-05-28 11:10:17', '2026-05-28 11:10:17', NULL);
INSERT INTO `items` (`id`, `type`, `title`, `slug`, `cover_url`, `wide_cover_url`, `description`, `info_json`, `media_url`, `poster_url`, `external_link`, `external_id`, `source`, `status`, `created_at`, `updated_at`, `carousel_order`) VALUES (318, 'movie', '猫和老鼠：迷失之龙', 'tmdb-287233', 'https://image.tmdb.org/t/p/w500/s2Tegfa5IOUkFx988FgTFZth189.jpg', 'https://image.tmdb.org/t/p/w1280/7Y2hqJteEvE5DD0j99QTXqF9MZ8.jpg', '中世纪一个聚集着精灵的小山村，正义的魔法师卡尔多夫（吉姆·库宁斯 Jim Cummings 配音）驱逐了邪恶而法术高强的女巫德里泽达（薇姬·刘易斯 Vicki Lewis 配音）。德里泽达无法匹敌，恨恨逃走，而她那不谙世事、单纯善良的侄女雅典娜（凯莉·斯泰堡丝 Kelly Stables 配音）则获准留了下来。在此期间，雅典娜还收养了小猫汤姆和老鼠杰瑞。雅典娜敏感的身份以及经常惹祸的猫和老鼠，让女孩一直遭受精灵们的歧视。这一天，汤姆和杰瑞偶然在河边拣到一枚龙蛋，这是之前德里泽达的笨蛋手下们不小心弄丢的，有了它德里泽达就可以用可怕的法术报复驱逐她的精灵们。不久，可爱的绿色小龙孵化出来，而久违的灾难也正向精灵村靠近……', '{\"year\": 2014, \"genre\": \"动画, 喜剧, 家庭, 奇幻\", \"videos\": {\"bilibili\": \"//player.bilibili.com/player.html?bvid=BV14E3tzPEYK\"}, \"director\": \"Spike Brandt\", \"duration\": \"57min\"}', NULL, NULL, 'https://www.themoviedb.org/movie/287233', '287233', 'tmdb', 1, '2026-05-28 11:10:17', '2026-05-28 11:19:13', NULL);
INSERT INTO `items` (`id`, `type`, `title`, `slug`, `cover_url`, `wide_cover_url`, `description`, `info_json`, `media_url`, `poster_url`, `external_link`, `external_id`, `source`, `status`, `created_at`, `updated_at`, `carousel_order`) VALUES (319, 'movie', '猫和老鼠：遇见福尔摩斯', 'tmdb-43956', 'https://image.tmdb.org/t/p/w500/8YLgPSsiDrZMO4yxycMZNcdE5iW.jpg', 'https://image.tmdb.org/t/p/w1280/8rrUYhHEq3KKWP0kZjl0OaBm3D2.jpg', '本片讲述了随着钻石的神秘失踪，伦敦警方组织了很多侦探去查找罪犯，汤姆和杰瑞就是一对组合。棘手的案件让这对猫鼠痛苦不堪，只能寻求世界上最棒的侦探的帮助，他就是夏洛克·福尔摩斯先生。', '{\"year\": 2010, \"genre\": \"动画, 喜剧, 悬疑, 家庭\", \"videos\": {\"bilibili\": \"\"}, \"trailer\": \"\", \"director\": \"Spike Brandt\", \"duration\": \"49min\"}', NULL, NULL, 'https://www.themoviedb.org/movie/43956', '43956', 'tmdb', 0, '2026-05-28 11:10:17', '2026-05-28 11:10:17', NULL);
INSERT INTO `items` (`id`, `type`, `title`, `slug`, `cover_url`, `wide_cover_url`, `description`, `info_json`, `media_url`, `poster_url`, `external_link`, `external_id`, `source`, `status`, `created_at`, `updated_at`, `carousel_order`) VALUES (320, 'movie', '猫和老鼠：绿野仙踪', 'tmdb-72972', 'https://image.tmdb.org/t/p/w500/gFlwbp47uh6F1p203RQOaxYThzX.jpg', 'https://image.tmdb.org/t/p/w1280/uScjropoUuhfTP7O2U7h8VJYELQ.jpg', '在远离大都会的西部荒野小镇，可爱少女桃乐丝（格蕾·德丽斯勒 Grey DeLisle 配音）和亨利叔叔（Stephen Root 配音）还有艾姆婶婶（Frances Conroy 配音）生活在一起。有些阴霾的日子里，她的心情无比失落，因为严厉的治安官高驰小姐要将她最爱的小狗托托带走。关键时刻，多亏了汤姆和杰瑞这对冤家搭档出手才总算救回托托。谁知好景不长，猛烈的龙卷风席卷小镇，桃乐丝家的房子被卷上空中，随后落在一个陌生神秘但百花盛开的美丽所在。倒霉的汤姆和杰瑞也一同到来，他们见到了小矮鼠泰菲（Joe Alaskey 配音）。泰菲讲述了众所周知的房子压死东方女巫以及西方女巫企图抢走桃乐丝那双红宝石鞋的故事。  　　在此之后，他们随同泰菲追随桃乐丝的脚步，踏上了寻找奥兹巫师的惊险之旅……', '{\"year\": 2011, \"genre\": \"动画, 喜剧, 冒险, 家庭, 奇幻\", \"videos\": {\"bilibili\": \"\"}, \"trailer\": \"\", \"director\": \"Spike Brandt\", \"duration\": \"59min\"}', NULL, NULL, 'https://www.themoviedb.org/movie/72972', '72972', 'tmdb', 0, '2026-05-28 11:10:17', '2026-05-28 11:10:17', NULL);
INSERT INTO `items` (`id`, `type`, `title`, `slug`, `cover_url`, `wide_cover_url`, `description`, `info_json`, `media_url`, `poster_url`, `external_link`, `external_id`, `source`, `status`, `created_at`, `updated_at`, `carousel_order`) VALUES (321, 'movie', '猫和老鼠：雪人国大冒险', 'tmdb-1018403', 'https://image.tmdb.org/t/p/w500/vFYfSu1QmXVE6Ls7kJhiKeK100q.jpg', 'https://image.tmdb.org/t/p/w1280/hgKkCRQT9HhHJ9NKPQKnF1N5eGL.jpg', '是时候与汤姆和杰瑞一起发现圣诞节的精神了！在一个神奇的冬季环境中，杰瑞和他的侄子塔菲用雪做了一只老鼠，它奇迹般地开始过自己的生活！为了保护他们的新朋友，他们命名为拉里，为了免受解冻，塔菲和杰瑞必须将他运送到童话般的雪人村。在这一切混乱中，汤姆和阴险的双维博士出现了，他们对拉里有自己的计划。准备好进行一次难忘的冒险，充满雪，歌曲，动作和欢笑以及节日气氛。', '{\"year\": 2022, \"genre\": \"动画, 家庭, 喜剧, 冒险\", \"videos\": {\"bilibili\": \"\"}, \"trailer\": \"\", \"director\": \"Darrell Van Citters\", \"duration\": \"76min\"}', NULL, NULL, 'https://www.themoviedb.org/movie/1018403', '1018403', 'tmdb', 0, '2026-05-28 11:10:17', '2026-05-28 11:10:17', NULL);
INSERT INTO `items` (`id`, `type`, `title`, `slug`, `cover_url`, `wide_cover_url`, `description`, `info_json`, `media_url`, `poster_url`, `external_link`, `external_id`, `source`, `status`, `created_at`, `updated_at`, `carousel_order`) VALUES (323, 'anime', '猫和老鼠', 'tmdb-tv-7842', 'https://image.tmdb.org/t/p/w500/gxuenxLwJgRPZjQiBeUmbS3DeKt.jpg', 'https://image.tmdb.org/t/p/w1280/hMiHGRISlUk58Ec3Cz3sg6nIcIR.jpg', '1975年，《猫和老鼠》与“猫和老鼠之父”汉纳和巴伯拉重逢，于每个星期六上午准时播放《猫和老鼠（1975）》（Tom and Jerry Show）。这48个七分钟的短片常与《葡萄猩》（Grape Ape）《牧狗》（Mumbly）一同在1975年9月3日到1977年9月6日间的ABC星期六早晨时段播放，《猫和老鼠》（现在有了一个红色的领结），为了满足儿童观看电视的要求，汉纳巴伯拉不得已放弃了猫和老鼠追逐打闹的场面，让猫和老鼠成为了好朋友。《猫和老鼠（1975）》（Tom and Jerry Show）目前仍在加拿大特律通（Teletoon）电视频道播放。而1975年的银屏格式，在新的《猫和老鼠（1975）》中已不再使用。', '{\"year\": 1975, \"genre\": \"儿童, 动画, 家庭, 喜剧\", \"studio\": \"威廉·汉纳\", \"videos\": {\"bilibili\": \"\"}, \"network\": \"ABC\", \"seasons\": 1, \"trailer\": \"\", \"episodes\": 48}', NULL, NULL, 'https://www.themoviedb.org/tv/7842', '7842', 'tmdb', 0, '2026-05-28 11:10:59', '2026-05-28 11:10:59', NULL);
INSERT INTO `items` (`id`, `type`, `title`, `slug`, `cover_url`, `wide_cover_url`, `description`, `info_json`, `media_url`, `poster_url`, `external_link`, `external_id`, `source`, `status`, `created_at`, `updated_at`, `carousel_order`) VALUES (326, 'anime', '凡人修仙传', 'tmdb-tv-106449', 'https://image.tmdb.org/t/p/w500/i6SYuRHPtODpZ8VX9ql21nj0tDq.jpg', 'https://image.tmdb.org/t/p/w1280/8NIvQY34tNPc4txNeym2zEYk9ek.jpg', '平凡少年韩立出生贫困，为了让家人过上更好的生活，自愿前去七玄门参加入门考核，最终被墨大夫收入门下。墨大夫一开始对韩立悉心培养、传授医术，让韩立对他非常感激，但随着一同入门的弟子张铁失踪，韩立才发现了墨大夫的真面目。墨大夫试图夺舍韩立，最终却被韩立反杀。通过墨大夫的遗书韩立得知了一个全新世界：修仙界的存在。在帮助七玄门抵御外敌之后，韩立离开了七玄门，前去墨大夫的家中寻找暖阳宝玉解毒，并帮助墨家人打败了敌人。通过墨大夫之女墨彩环的口中得知太南小会地址，韩立为追寻修仙人的足迹决定前往太南小会，拜别家人后，韩立来到太南谷，结识了一众修仙人士，正式展开了自己的修仙之旅。', '{\"year\": 2020, \"genre\": \"动画, 动作冒险, Sci-Fi & Fantasy\", \"studio\": \"\", \"videos\": {\"bilibili\": \"\"}, \"network\": \"bilibili\", \"seasons\": 1, \"trailer\": \"https://www.youtube.com/embed/QNdDFy_b9OA\", \"episodes\": 178}', NULL, NULL, 'https://www.themoviedb.org/tv/106449', '106449', 'tmdb', 1, '2026-05-28 11:11:17', '2026-05-28 11:11:17', NULL);
INSERT INTO `items` (`id`, `type`, `title`, `slug`, `cover_url`, `wide_cover_url`, `description`, `info_json`, `media_url`, `poster_url`, `external_link`, `external_id`, `source`, `status`, `created_at`, `updated_at`, `carousel_order`) VALUES (336, 'boardgame', '飞行棋', 'Plane', '', '', '经典传统小游戏，飞行棋', '{\"genre\": \"\", \"videos\": {\"youtube\": \"\", \"bilibili\": \"\"}, \"demo_url\": \"\", \"platform\": \"\", \"developer\": \"\", \"demo_available\": false}', '', '', '', '', 'manual', 1, '2026-05-28 12:25:05', '2026-05-28 12:25:05', NULL);
INSERT INTO `items` (`id`, `type`, `title`, `slug`, `cover_url`, `wide_cover_url`, `description`, `info_json`, `media_url`, `poster_url`, `external_link`, `external_id`, `source`, `status`, `created_at`, `updated_at`, `carousel_order`) VALUES (337, 'anime', '中国奇谭', 'tmdb-tv-139162', 'https://image.tmdb.org/t/p/w500/lyDRtY01krTcs1JP74XL2XxqUb4.jpg', 'https://image.tmdb.org/t/p/w1280/lb1I9lDR3uYwbAZgLxHMiriMKUH.jpg', '本片由中国传统文化的独立的故事组成，在观众面前铺陈开一个极具中式想象力和审美魅力的“妖怪”故事集。其中故事纵览古今、展望未来，从古代故事到科幻想象、 从乡土眷恋到唯美爱情、从生命母题到人性思考，展现着中式想象力、承载着中国民族文化与哲学。影片涵盖多种美术风格以及制作手法：既有传统的二维、剪纸、偶定格动画，又有CG、三渲二的现代技术，还有将素描与中国水墨韵味相结合的创新尝试，是创作者们对中国美学一次多视角的诠释。', '{\"year\": 2023, \"genre\": \"动画, Sci-Fi & Fantasy\", \"studio\": \"陈廖宇\", \"videos\": {\"bilibili\": \"\"}, \"network\": \"bilibili\", \"seasons\": 2, \"trailer\": \"\", \"episodes\": 17}', NULL, NULL, 'https://www.themoviedb.org/tv/139162', '139162', 'tmdb', 1, '2026-05-28 13:15:31', '2026-05-28 13:16:28', 0);
INSERT INTO `items` (`id`, `type`, `title`, `slug`, `cover_url`, `wide_cover_url`, `description`, `info_json`, `media_url`, `poster_url`, `external_link`, `external_id`, `source`, `status`, `created_at`, `updated_at`, `carousel_order`) VALUES (338, 'anime', '中国奇谭2', 'tmdb-tv-316943', 'https://image.tmdb.org/t/p/w500/gmbaAYlS4PENoSmpZgYsxJOX6pa.jpg', 'https://image.tmdb.org/t/p/w1280/rSnAR12kX29XKwoKfaqvoR53Ar7.jpg', '动画短片集《中国奇谭2》由9部风格迥异的短片组成：《拜山》《大贵人》《大鸟》《耳中人》《今日动物园》《如何成为三条龙》《三郎》《刑天》《小雪》。12位导演在延续中式想象力的基础上，探索多元题材与风格，挖掘中式内核表达，同时增强了现实关照和寓言属性，在奇幻语境中探寻现实命题，对人的自我身份、家庭关系、社会关系等进行思考和探讨。', '{\"year\": 0, \"genre\": \"动画\", \"studio\": \"\", \"videos\": {\"bilibili\": \"\"}, \"network\": \"\", \"seasons\": 1, \"trailer\": \"\", \"episodes\": 9}', NULL, NULL, 'https://www.themoviedb.org/tv/316943', '316943', 'tmdb', 1, '2026-05-28 13:15:31', '2026-05-28 13:15:31', NULL);
INSERT INTO `items` (`id`, `type`, `title`, `slug`, `cover_url`, `wide_cover_url`, `description`, `info_json`, `media_url`, `poster_url`, `external_link`, `external_id`, `source`, `status`, `created_at`, `updated_at`, `carousel_order`) VALUES (340, 'book', '复变函数论', '复变函数论-mppk08gn', '', '', '数学教材', '{\"year\": \"1984\", \"pages\": \"\", \"author\": \"人民\", \"videos\": {\"youtube\": \"\", \"bilibili\": \"\"}, \"category\": \"\", \"reader_url\": \"/uploads/40426fd1-66e6-40d6-891b-30abfa938136.pdf\"}', '', '', '', '', 'manual', 1, '2026-05-28 13:53:51', '2026-05-28 14:07:58', 0);
INSERT INTO `items` (`id`, `type`, `title`, `slug`, `cover_url`, `wide_cover_url`, `description`, `info_json`, `media_url`, `poster_url`, `external_link`, `external_id`, `source`, `status`, `created_at`, `updated_at`, `carousel_order`) VALUES (347, 'movie', '细节 Detail', 'tmdb-tv-96190', 'https://image.tmdb.org/t/p/w500/mMPEzThAEFx3bYGneVLMVhBY8LC.jpg', 'https://image.tmdb.org/t/p/w1280/vMkLpbpKQ7QhAvABpSvCufxpBOf.jpg', '　　NBA偶像科比·布莱恩特主持了这项新的着眼于走向的分析节目，X和O以及其他篮球比赛如何打赢的详细方面。', '{\"year\": 2018, \"genre\": \"体育\", \"videos\": {\"youtube\": \"https://www.youtube.com/embed/pddvK5COgHc\", \"bilibili\": \"\"}, \"director\": \"科比·布莱恩特\", \"duration\": \"单集片长: 30分钟\"}', NULL, NULL, 'https://www.themoviedb.org/tv/96190', '96190', 'tmdb', 1, '2026-05-28 15:24:54', '2026-05-28 15:51:58', NULL);
INSERT INTO `items` (`id`, `type`, `title`, `slug`, `cover_url`, `wide_cover_url`, `description`, `info_json`, `media_url`, `poster_url`, `external_link`, `external_id`, `source`, `status`, `created_at`, `updated_at`, `carousel_order`) VALUES (371, 'music', 'This Is What You Came For - Single', 'itunes-1108212521', 'https://is1-ssl.mzstatic.com/image/thumb/Music125/v4/59/57/a6/5957a66e-fb10-4065-5739-7c54236339e4/886445857290.jpg/600x600bb.jpg', 'https://is1-ssl.mzstatic.com/image/thumb/Music125/v4/59/57/a6/5957a66e-fb10-4065-5739-7c54236339e4/886445857290.jpg/600x600bb.jpg', 'Calvin Harris & Rihanna · 1 tracks', '{\"year\": 2016, \"genre\": \"舞曲\", \"artist\": \"Calvin Harris & Rihanna\", \"tracks\": 1, \"videos\": {\"youtube\": \"\", \"bilibili\": \"\"}, \"preview_url\": \"\"}', NULL, NULL, 'https://music.apple.com/cn/album/1108212521', '1108212521', 'itunes', 1, '2026-05-28 21:01:08', '2026-05-28 21:19:14', 3);
INSERT INTO `items` (`id`, `type`, `title`, `slug`, `cover_url`, `wide_cover_url`, `description`, `info_json`, `media_url`, `poster_url`, `external_link`, `external_id`, `source`, `status`, `created_at`, `updated_at`, `carousel_order`) VALUES (375, 'music', 'After Hours', 'itunes-1499385848', 'https://is1-ssl.mzstatic.com/image/thumb/Music125/v4/2b/b9/fe/2bb9fef5-d7f3-8345-25a9-db0e79fde4e4/20UMGIM11048.rgb.jpg/600x600bb.jpg', 'https://is1-ssl.mzstatic.com/image/thumb/Music125/v4/2b/b9/fe/2bb9fef5-d7f3-8345-25a9-db0e79fde4e4/20UMGIM11048.rgb.jpg/600x600bb.jpg', 'Abel Tesfaye · 14 tracks', '{\"year\": 2020, \"genre\": \"R&B/灵魂乐\", \"artist\": \"Abel Tesfaye\", \"tracks\": 14, \"videos\": {\"youtube\": \"\", \"bilibili\": \"\"}, \"preview_url\": \"\"}', NULL, NULL, 'https://music.apple.com/cn/album/1499385848', '1499385848', 'itunes', 1, '2026-05-28 21:01:09', '2026-05-28 21:19:14', 1);
INSERT INTO `items` (`id`, `type`, `title`, `slug`, `cover_url`, `wide_cover_url`, `description`, `info_json`, `media_url`, `poster_url`, `external_link`, `external_id`, `source`, `status`, `created_at`, `updated_at`, `carousel_order`) VALUES (377, 'music', 'Moth To A Flame - Single', 'itunes-1590610692', 'https://is1-ssl.mzstatic.com/image/thumb/Music115/v4/2f/56/e7/2f56e79c-fdaa-c0d5-545e-9942e54301c3/21UM1IM29516.rgb.jpg/600x600bb.jpg', 'https://is1-ssl.mzstatic.com/image/thumb/Music115/v4/2f/56/e7/2f56e79c-fdaa-c0d5-545e-9942e54301c3/21UM1IM29516.rgb.jpg/600x600bb.jpg', 'Swedish House Mafia & The Weeknd · 1 tracks', '{\"year\": 2021, \"genre\": \"舞曲\", \"artist\": \"Swedish House Mafia & The Weeknd\", \"tracks\": 1, \"videos\": {\"youtube\": \"\", \"bilibili\": \"\"}, \"preview_url\": \"\"}', NULL, NULL, 'https://music.apple.com/cn/album/1590610692', '1590610692', 'itunes', 1, '2026-05-28 21:01:09', '2026-05-28 21:19:14', 2);
INSERT INTO `items` (`id`, `type`, `title`, `slug`, `cover_url`, `wide_cover_url`, `description`, `info_json`, `media_url`, `poster_url`, `external_link`, `external_id`, `source`, `status`, `created_at`, `updated_at`, `carousel_order`) VALUES (391, 'music', 'Invincible', 'itunes-215738269', 'https://is1-ssl.mzstatic.com/image/thumb/Music115/v4/dc/02/ef/dc02eff2-027c-a468-7d7b-aa9404e74f1a/mzi.mgytcnob.jpg/600x600bb.jpg', 'https://is1-ssl.mzstatic.com/image/thumb/Music115/v4/dc/02/ef/dc02eff2-027c-a468-7d7b-aa9404e74f1a/mzi.mgytcnob.jpg/600x600bb.jpg', 'Michael Jackson · 16 tracks', '{\"year\": 2001, \"genre\": \"国际流行\", \"artist\": \"Michael Jackson\", \"tracks\": 16, \"videos\": {\"youtube\": \"\", \"bilibili\": \"\"}, \"preview_url\": \"\"}', NULL, NULL, 'https://music.apple.com/cn/album/215738269', '215738269', 'itunes', 1, '2026-05-28 21:17:33', '2026-05-28 21:19:14', 0);
INSERT INTO `items` (`id`, `type`, `title`, `slug`, `cover_url`, `wide_cover_url`, `description`, `info_json`, `media_url`, `poster_url`, `external_link`, `external_id`, `source`, `status`, `created_at`, `updated_at`, `carousel_order`) VALUES (393, 'music', 'Thriller 40', 'itunes-1641780996', 'https://is1-ssl.mzstatic.com/image/thumb/Music122/v4/73/8c/e1/738ce1db-60bd-eb25-0059-18778c1ca9b3/196589412409.jpg/600x600bb.jpg', 'https://is1-ssl.mzstatic.com/image/thumb/Music122/v4/73/8c/e1/738ce1db-60bd-eb25-0059-18778c1ca9b3/196589412409.jpg/600x600bb.jpg', 'Michael Jackson · 34 tracks', '{\"year\": 2022, \"genre\": \"国际流行\", \"artist\": \"Michael Jackson\", \"tracks\": 34, \"videos\": {\"youtube\": \"\", \"bilibili\": \"\"}, \"preview_url\": \"\"}', NULL, NULL, 'https://music.apple.com/cn/album/1641780996', '1641780996', 'itunes', 1, '2026-05-28 21:17:33', '2026-05-28 21:19:14', 7);
INSERT INTO `items` (`id`, `type`, `title`, `slug`, `cover_url`, `wide_cover_url`, `description`, `info_json`, `media_url`, `poster_url`, `external_link`, `external_id`, `source`, `status`, `created_at`, `updated_at`, `carousel_order`) VALUES (401, 'music', 'Take My Breath - Single', 'itunes-1579408007', 'https://is1-ssl.mzstatic.com/image/thumb/Music115/v4/b1/1b/10/b11b1074-5109-7bfc-32f0-8b49eaaeb9ac/21UMGIM75290.rgb.jpg/600x600bb.jpg', 'https://is1-ssl.mzstatic.com/image/thumb/Music115/v4/b1/1b/10/b11b1074-5109-7bfc-32f0-8b49eaaeb9ac/21UMGIM75290.rgb.jpg/600x600bb.jpg', 'Abel Tesfaye · 1 tracks', '{\"year\": 2021, \"genre\": \"R&B/灵魂乐\", \"artist\": \"Abel Tesfaye\", \"tracks\": 1, \"videos\": {\"youtube\": \"\", \"bilibili\": \"\"}, \"preview_url\": \"\"}', NULL, NULL, 'https://music.apple.com/cn/album/1579408007', '1579408007', 'itunes', 0, '2026-05-28 21:18:50', '2026-05-28 21:18:50', NULL);
INSERT INTO `items` (`id`, `type`, `title`, `slug`, `cover_url`, `wide_cover_url`, `description`, `info_json`, `media_url`, `poster_url`, `external_link`, `external_id`, `source`, `status`, `created_at`, `updated_at`, `carousel_order`) VALUES (402, 'music', 'Hawái (Remix) - Single', 'itunes-1538809228', 'https://is1-ssl.mzstatic.com/image/thumb/Music115/v4/9c/3c/e1/9c3ce198-2af9-fb1c-3968-905decc0a8d2/886448874324.jpg/600x600bb.jpg', 'https://is1-ssl.mzstatic.com/image/thumb/Music115/v4/9c/3c/e1/9c3ce198-2af9-fb1c-3968-905decc0a8d2/886448874324.jpg/600x600bb.jpg', 'Maluma & The Weeknd · 1 tracks', '{\"year\": 2020, \"genre\": \"国际流行\", \"artist\": \"Maluma & The Weeknd\", \"tracks\": 1, \"videos\": {\"youtube\": \"\", \"bilibili\": \"\"}, \"preview_url\": \"\"}', NULL, NULL, 'https://music.apple.com/cn/album/1538809228', '1538809228', 'itunes', 0, '2026-05-28 21:18:50', '2026-05-28 21:18:50', NULL);
INSERT INTO `items` (`id`, `type`, `title`, `slug`, `cover_url`, `wide_cover_url`, `description`, `info_json`, `media_url`, `poster_url`, `external_link`, `external_id`, `source`, `status`, `created_at`, `updated_at`, `carousel_order`) VALUES (403, 'music', 'Dawn FM', 'itunes-1603164027', 'https://is1-ssl.mzstatic.com/image/thumb/Music116/v4/92/14/e3/9214e352-3322-3708-4903-cf5059c4985f/21UM1IM58861.rgb.jpg/600x600bb.jpg', 'https://is1-ssl.mzstatic.com/image/thumb/Music116/v4/92/14/e3/9214e352-3322-3708-4903-cf5059c4985f/21UM1IM58861.rgb.jpg/600x600bb.jpg', 'Abel Tesfaye · 16 tracks', '{\"year\": 2022, \"genre\": \"R&B/灵魂乐\", \"artist\": \"Abel Tesfaye\", \"tracks\": 16, \"videos\": {\"youtube\": \"\", \"bilibili\": \"\"}, \"preview_url\": \"\"}', NULL, NULL, 'https://music.apple.com/cn/album/1603164027', '1603164027', 'itunes', 1, '2026-05-28 21:18:50', '2026-05-28 21:19:14', 5);
INSERT INTO `items` (`id`, `type`, `title`, `slug`, `cover_url`, `wide_cover_url`, `description`, `info_json`, `media_url`, `poster_url`, `external_link`, `external_id`, `source`, `status`, `created_at`, `updated_at`, `carousel_order`) VALUES (404, 'music', 'Blinding Lights - Single', 'itunes-1488408555', 'https://is1-ssl.mzstatic.com/image/thumb/Music125/v4/a6/6e/bf/a66ebf79-5008-8948-b352-a790fc87446b/19UM1IM04638.rgb.jpg/600x600bb.jpg', 'https://is1-ssl.mzstatic.com/image/thumb/Music125/v4/a6/6e/bf/a66ebf79-5008-8948-b352-a790fc87446b/19UM1IM04638.rgb.jpg/600x600bb.jpg', 'Abel Tesfaye · 1 tracks', '{\"year\": 2019, \"genre\": \"R&B/灵魂乐\", \"artist\": \"Abel Tesfaye\", \"tracks\": 1, \"videos\": {\"youtube\": \"\", \"bilibili\": \"\"}, \"preview_url\": \"\"}', NULL, NULL, 'https://music.apple.com/cn/album/1488408555', '1488408555', 'itunes', 0, '2026-05-28 21:18:50', '2026-05-28 21:18:50', NULL);
INSERT INTO `items` (`id`, `type`, `title`, `slug`, `cover_url`, `wide_cover_url`, `description`, `info_json`, `media_url`, `poster_url`, `external_link`, `external_id`, `source`, `status`, `created_at`, `updated_at`, `carousel_order`) VALUES (405, 'music', 'Starboy', 'itunes-1440870373', 'https://is1-ssl.mzstatic.com/image/thumb/Music115/v4/b5/92/bb/b592bb72-52e3-e756-9b26-9f56d08f47ab/16UMGIM67864.rgb.jpg/600x600bb.jpg', 'https://is1-ssl.mzstatic.com/image/thumb/Music115/v4/b5/92/bb/b592bb72-52e3-e756-9b26-9f56d08f47ab/16UMGIM67864.rgb.jpg/600x600bb.jpg', 'Abel Tesfaye · 18 tracks', '{\"year\": 2016, \"genre\": \"R&B/灵魂乐\", \"artist\": \"Abel Tesfaye\", \"tracks\": 18, \"videos\": {\"youtube\": \"\", \"bilibili\": \"\"}, \"preview_url\": \"\"}', NULL, NULL, 'https://music.apple.com/cn/album/1440870373', '1440870373', 'itunes', 1, '2026-05-28 21:18:50', '2026-05-28 21:19:14', 4);
INSERT INTO `items` (`id`, `type`, `title`, `slug`, `cover_url`, `wide_cover_url`, `description`, `info_json`, `media_url`, `poster_url`, `external_link`, `external_id`, `source`, `status`, `created_at`, `updated_at`, `carousel_order`) VALUES (406, 'music', 'Beauty Behind the Madness', 'itunes-1440858094', 'https://is1-ssl.mzstatic.com/image/thumb/Music124/v4/30/05/1e/30051e57-a63a-3acc-4b30-42568293f5f7/15UMGIM36514.rgb.jpg/600x600bb.jpg', 'https://is1-ssl.mzstatic.com/image/thumb/Music124/v4/30/05/1e/30051e57-a63a-3acc-4b30-42568293f5f7/15UMGIM36514.rgb.jpg/600x600bb.jpg', 'Abel Tesfaye · 14 tracks', '{\"year\": 2015, \"genre\": \"R&B/灵魂乐\", \"artist\": \"Abel Tesfaye\", \"tracks\": 14, \"videos\": {\"youtube\": \"\", \"bilibili\": \"\"}, \"preview_url\": \"\"}', NULL, NULL, 'https://music.apple.com/cn/album/1440858094', '1440858094', 'itunes', 1, '2026-05-28 21:18:50', '2026-05-28 21:19:14', 6);
INSERT INTO `items` (`id`, `type`, `title`, `slug`, `cover_url`, `wide_cover_url`, `description`, `info_json`, `media_url`, `poster_url`, `external_link`, `external_id`, `source`, `status`, `created_at`, `updated_at`, `carousel_order`) VALUES (407, 'music', 'Die For You (Remix) - Single', 'itunes-1673432330', 'https://is1-ssl.mzstatic.com/image/thumb/Music126/v4/a7/bd/11/a7bd119c-5f0b-e357-8c44-2d133c854ed1/23UMGIM17426.rgb.jpg/600x600bb.jpg', 'https://is1-ssl.mzstatic.com/image/thumb/Music126/v4/a7/bd/11/a7bd119c-5f0b-e357-8c44-2d133c854ed1/23UMGIM17426.rgb.jpg/600x600bb.jpg', 'The Weeknd & Ariana Grande · 1 tracks', '{\"year\": 2023, \"genre\": \"R&B/灵魂乐\", \"artist\": \"The Weeknd & Ariana Grande\", \"tracks\": 1, \"videos\": {\"youtube\": \"\", \"bilibili\": \"\"}, \"preview_url\": \"\"}', NULL, NULL, 'https://music.apple.com/cn/album/1673432330', '1673432330', 'itunes', 0, '2026-05-28 21:18:50', '2026-05-28 21:18:50', NULL);
INSERT INTO `items` (`id`, `type`, `title`, `slug`, `cover_url`, `wide_cover_url`, `description`, `info_json`, `media_url`, `poster_url`, `external_link`, `external_id`, `source`, `status`, `created_at`, `updated_at`, `carousel_order`) VALUES (410, 'music', 'Save Your Tears (Remix) - Single', 'itunes-1563812774', 'https://is1-ssl.mzstatic.com/image/thumb/Music125/v4/bb/35/39/bb353980-b0c7-eac5-9509-267feb48d1b3/21UMGIM33221.rgb.jpg/600x600bb.jpg', 'https://is1-ssl.mzstatic.com/image/thumb/Music125/v4/bb/35/39/bb353980-b0c7-eac5-9509-267feb48d1b3/21UMGIM33221.rgb.jpg/600x600bb.jpg', 'Abel Tesfaye & Ariana Grande · 1 tracks', '{\"year\": 2021, \"genre\": \"R&B/灵魂乐\", \"artist\": \"Abel Tesfaye & Ariana Grande\", \"tracks\": 1, \"videos\": {\"youtube\": \"\", \"bilibili\": \"\"}, \"preview_url\": \"\"}', NULL, NULL, 'https://music.apple.com/cn/album/1563812774', '1563812774', 'itunes', 0, '2026-05-28 21:18:50', '2026-05-28 21:18:50', NULL);
INSERT INTO `items` (`id`, `type`, `title`, `slug`, `cover_url`, `wide_cover_url`, `description`, `info_json`, `media_url`, `poster_url`, `external_link`, `external_id`, `source`, `status`, `created_at`, `updated_at`, `carousel_order`) VALUES (411, 'music', 'SYNK : PARALLEL LINE - Special Digital Single - EP', 'itunes-1772223474', 'https://is1-ssl.mzstatic.com/image/thumb/Music211/v4/fd/85/0e/fd850e67-f6e2-c4e9-6ea5-501ca5afccbd/aespa_DS_Synk-PARALLEL_LINE_DC.jpg/600x600bb.jpg', 'https://is1-ssl.mzstatic.com/image/thumb/Music211/v4/fd/85/0e/fd850e67-f6e2-c4e9-6ea5-501ca5afccbd/aespa_DS_Synk-PARALLEL_LINE_DC.jpg/600x600bb.jpg', 'aespa · 4 tracks', '{\"year\": 2024, \"genre\": \"K-Pop\", \"artist\": \"aespa\", \"tracks\": 4, \"videos\": {\"youtube\": \"\", \"bilibili\": \"\"}, \"preview_url\": \"\"}', NULL, NULL, 'https://music.apple.com/cn/album/1772223474', '1772223474', 'itunes', 0, '2026-05-28 21:19:34', '2026-05-28 21:19:34', NULL);
INSERT INTO `items` (`id`, `type`, `title`, `slug`, `cover_url`, `wide_cover_url`, `description`, `info_json`, `media_url`, `poster_url`, `external_link`, `external_id`, `source`, `status`, `created_at`, `updated_at`, `carousel_order`) VALUES (412, 'music', 'Drama - The 4th Mini Album', 'itunes-1715939930', 'https://is1-ssl.mzstatic.com/image/thumb/Music116/v4/f7/f0/5c/f7f05ce4-e5a4-900d-e087-1dd9668b2b34/888735945939.jpg/600x600bb.jpg', 'https://is1-ssl.mzstatic.com/image/thumb/Music116/v4/f7/f0/5c/f7f05ce4-e5a4-900d-e087-1dd9668b2b34/888735945939.jpg/600x600bb.jpg', 'aespa · 8 tracks', '{\"year\": 2023, \"genre\": \"K-Pop\", \"artist\": \"aespa\", \"tracks\": 8, \"videos\": {\"youtube\": \"\", \"bilibili\": \"\"}, \"preview_url\": \"\"}', NULL, NULL, 'https://music.apple.com/cn/album/1715939930', '1715939930', 'itunes', 0, '2026-05-28 21:19:34', '2026-05-28 21:19:34', NULL);
INSERT INTO `items` (`id`, `type`, `title`, `slug`, `cover_url`, `wide_cover_url`, `description`, `info_json`, `media_url`, `poster_url`, `external_link`, `external_id`, `source`, `status`, `created_at`, `updated_at`, `carousel_order`) VALUES (413, 'music', 'Girls - The 2nd Mini Album (Apple Music Edition)', 'itunes-1890586337', 'https://is1-ssl.mzstatic.com/image/thumb/Music211/v4/20/f3/21/20f32155-d2e6-fbb5-8abe-f8a056deb972/888735952272.png/600x600bb.jpg', 'https://is1-ssl.mzstatic.com/image/thumb/Music211/v4/20/f3/21/20f32155-d2e6-fbb5-8abe-f8a056deb972/888735952272.png/600x600bb.jpg', 'aespa · 10 tracks', '{\"year\": 2022, \"genre\": \"K-Pop\", \"artist\": \"aespa\", \"tracks\": 10, \"videos\": {\"youtube\": \"\", \"bilibili\": \"\"}, \"preview_url\": \"\"}', NULL, NULL, 'https://music.apple.com/cn/album/1890586337', '1890586337', 'itunes', 0, '2026-05-28 21:19:34', '2026-05-28 21:19:34', NULL);
INSERT INTO `items` (`id`, `type`, `title`, `slug`, `cover_url`, `wide_cover_url`, `description`, `info_json`, `media_url`, `poster_url`, `external_link`, `external_id`, `source`, `status`, `created_at`, `updated_at`, `carousel_order`) VALUES (414, 'music', 'Savage - The 1st Mini Album - EP', 'itunes-1587844523', 'https://is1-ssl.mzstatic.com/image/thumb/Music115/v4/51/f7/85/51f7852b-7602-136b-ac15-8b3878260c64/4000aespa_M01_Savage_DC.jpg/600x600bb.jpg', 'https://is1-ssl.mzstatic.com/image/thumb/Music115/v4/51/f7/85/51f7852b-7602-136b-ac15-8b3878260c64/4000aespa_M01_Savage_DC.jpg/600x600bb.jpg', 'aespa · 7 tracks', '{\"year\": 2021, \"genre\": \"K-Pop\", \"artist\": \"aespa\", \"tracks\": 7, \"videos\": {\"youtube\": \"\", \"bilibili\": \"\"}, \"preview_url\": \"\"}', NULL, NULL, 'https://music.apple.com/cn/album/1587844523', '1587844523', 'itunes', 0, '2026-05-28 21:19:34', '2026-05-28 21:19:34', NULL);
INSERT INTO `items` (`id`, `type`, `title`, `slug`, `cover_url`, `wide_cover_url`, `description`, `info_json`, `media_url`, `poster_url`, `external_link`, `external_id`, `source`, `status`, `created_at`, `updated_at`, `carousel_order`) VALUES (415, 'music', 'Black Mamba - Single', 'itunes-1540251303', 'https://is1-ssl.mzstatic.com/image/thumb/Music124/v4/1f/53/e2/1f53e291-df44-bb66-1c29-6e74c2b0eab0/aespa_BlackMamba_final.png/600x600bb.jpg', 'https://is1-ssl.mzstatic.com/image/thumb/Music124/v4/1f/53/e2/1f53e291-df44-bb66-1c29-6e74c2b0eab0/aespa_BlackMamba_final.png/600x600bb.jpg', 'aespa · 1 tracks', '{\"year\": 2020, \"genre\": \"K-Pop\", \"artist\": \"aespa\", \"tracks\": 1, \"videos\": {\"youtube\": \"\", \"bilibili\": \"\"}, \"preview_url\": \"\"}', NULL, NULL, 'https://music.apple.com/cn/album/1540251303', '1540251303', 'itunes', 0, '2026-05-28 21:19:34', '2026-05-28 21:19:34', NULL);
INSERT INTO `items` (`id`, `type`, `title`, `slug`, `cover_url`, `wide_cover_url`, `description`, `info_json`, `media_url`, `poster_url`, `external_link`, `external_id`, `source`, `status`, `created_at`, `updated_at`, `carousel_order`) VALUES (416, 'music', 'Random Access Memories', 'itunes-617154241', 'https://is1-ssl.mzstatic.com/image/thumb/Music115/v4/e8/43/5f/e8435ffa-b6b9-b171-40ab-4ff3959ab661/886443919266.jpg/600x600bb.jpg', 'https://is1-ssl.mzstatic.com/image/thumb/Music115/v4/e8/43/5f/e8435ffa-b6b9-b171-40ab-4ff3959ab661/886443919266.jpg/600x600bb.jpg', 'Daft Punk · 14 tracks', '{\"year\": 2013, \"genre\": \"国际流行\", \"artist\": \"Daft Punk\", \"tracks\": 14, \"videos\": {\"youtube\": \"\", \"bilibili\": \"\"}, \"preview_url\": \"\"}', NULL, NULL, 'https://music.apple.com/cn/album/617154241', '617154241', 'itunes', 0, '2026-05-28 21:19:34', '2026-05-28 21:19:34', NULL);
INSERT INTO `items` (`id`, `type`, `title`, `slug`, `cover_url`, `wide_cover_url`, `description`, `info_json`, `media_url`, `poster_url`, `external_link`, `external_id`, `source`, `status`, `created_at`, `updated_at`, `carousel_order`) VALUES (417, 'music', 'Look At Me! - Single', 'itunes-1208723694', 'https://is1-ssl.mzstatic.com/image/thumb/Music124/v4/70/aa/87/70aa8723-81da-ca48-c395-ab1cb19bbc9b/888915347232_cover.jpg/600x600bb.jpg', 'https://is1-ssl.mzstatic.com/image/thumb/Music124/v4/70/aa/87/70aa8723-81da-ca48-c395-ab1cb19bbc9b/888915347232_cover.jpg/600x600bb.jpg', 'XXXTENTACION · 1 tracks', '{\"year\": 2017, \"genre\": \"嘻哈/说唱\", \"artist\": \"XXXTENTACION\", \"tracks\": 1, \"videos\": {\"youtube\": \"\", \"bilibili\": \"\"}, \"preview_url\": \"\"}', NULL, NULL, 'https://music.apple.com/cn/album/1208723694', '1208723694', 'itunes', 0, '2026-05-28 21:19:34', '2026-05-28 21:19:34', NULL);
INSERT INTO `items` (`id`, `type`, `title`, `slug`, `cover_url`, `wide_cover_url`, `description`, `info_json`, `media_url`, `poster_url`, `external_link`, `external_id`, `source`, `status`, `created_at`, `updated_at`, `carousel_order`) VALUES (418, 'music', 'Next Level - Single', 'itunes-1567326687', 'https://is1-ssl.mzstatic.com/image/thumb/Music125/v4/60/8d/ac/608dacc2-d6d6-462d-26f0-d693e4364751/artwork.jpg/600x600bb.jpg', 'https://is1-ssl.mzstatic.com/image/thumb/Music125/v4/60/8d/ac/608dacc2-d6d6-462d-26f0-d693e4364751/artwork.jpg/600x600bb.jpg', 'aespa · 1 tracks', '{\"year\": 2021, \"genre\": \"K-Pop\", \"artist\": \"aespa\", \"tracks\": 1, \"videos\": {\"youtube\": \"\", \"bilibili\": \"\"}, \"preview_url\": \"\"}', NULL, NULL, 'https://music.apple.com/cn/album/1567326687', '1567326687', 'itunes', 0, '2026-05-28 21:19:34', '2026-05-28 21:19:34', NULL);
INSERT INTO `items` (`id`, `type`, `title`, `slug`, `cover_url`, `wide_cover_url`, `description`, `info_json`, `media_url`, `poster_url`, `external_link`, `external_id`, `source`, `status`, `created_at`, `updated_at`, `carousel_order`) VALUES (419, 'music', 'Guardian, Pt. 1 (Original Television Soundtrack) - Single', 'itunes-1569279826', 'https://is1-ssl.mzstatic.com/image/thumb/Music125/v4/a9/0e/cf/a90ecfd1-0fe4-0fc9-10ab-a6ee62e127ba/8809534460814_Cover.jpg/600x600bb.jpg', 'https://is1-ssl.mzstatic.com/image/thumb/Music125/v4/a9/0e/cf/a90ecfd1-0fe4-0fc9-10ab-a6ee62e127ba/8809534460814_Cover.jpg/600x600bb.jpg', '朴灿烈 & Punch · 2 tracks', '{\"year\": 2016, \"genre\": \"原声音乐\", \"artist\": \"朴灿烈 & Punch\", \"tracks\": 2, \"videos\": {\"youtube\": \"\", \"bilibili\": \"\"}, \"preview_url\": \"\"}', NULL, NULL, 'https://music.apple.com/cn/album/1569279826', '1569279826', 'itunes', 0, '2026-05-28 21:19:34', '2026-05-28 21:19:34', NULL);
INSERT INTO `items` (`id`, `type`, `title`, `slug`, `cover_url`, `wide_cover_url`, `description`, `info_json`, `media_url`, `poster_url`, `external_link`, `external_id`, `source`, `status`, `created_at`, `updated_at`, `carousel_order`) VALUES (420, 'music', 'A / B', 'itunes-1107254993', 'https://is1-ssl.mzstatic.com/image/thumb/Music125/v4/74/fb/5e/74fb5e22-3a1b-4468-dc14-e097dc635e44/075679911506.jpg/600x600bb.jpg', 'https://is1-ssl.mzstatic.com/image/thumb/Music125/v4/74/fb/5e/74fb5e22-3a1b-4468-dc14-e097dc635e44/075679911506.jpg/600x600bb.jpg', 'KALEO · 10 tracks', '{\"year\": 2016, \"genre\": \"另类音乐\", \"artist\": \"KALEO\", \"tracks\": 10, \"videos\": {\"youtube\": \"\", \"bilibili\": \"\"}, \"preview_url\": \"\"}', NULL, NULL, 'https://music.apple.com/cn/album/1107254993', '1107254993', 'itunes', 0, '2026-05-28 21:19:34', '2026-05-28 21:19:34', NULL);
INSERT INTO `items` (`id`, `type`, `title`, `slug`, `cover_url`, `wide_cover_url`, `description`, `info_json`, `media_url`, `poster_url`, `external_link`, `external_id`, `source`, `status`, `created_at`, `updated_at`, `carousel_order`) VALUES (421, 'coffee', '埃塞俄比亚 耶加雪菲', 'ethiopia-yirgacheffe', 'https://picsum.photos/seed/yirgacheffe/600/400', NULL, '柑橘与茉莉的经典组合，柠檬酸明亮活泼。每一次手冲都是对埃塞高原的致敬。', '{\"roast\": \"浅烘\", \"flavor\": \"柑橘,茉莉,蜂蜜,柠檬酸\", \"origin\": \"埃塞俄比亚\", \"videos\": {\"youtube\": \"\", \"bilibili\": \"\"}, \"process\": \"水洗\", \"variety\": \"原生种\"}', NULL, NULL, NULL, NULL, 'manual', 1, '2026-05-28 22:10:23', '2026-06-03 16:37:25', 0);
INSERT INTO `items` (`id`, `type`, `title`, `slug`, `cover_url`, `wide_cover_url`, `description`, `info_json`, `media_url`, `poster_url`, `external_link`, `external_id`, `source`, `status`, `created_at`, `updated_at`, `carousel_order`) VALUES (422, 'coffee', '哥伦比亚 蕙兰', 'colombia-huila', 'https://picsum.photos/seed/colombia/600/400', NULL, '焦糖与坚果的温暖香气，柔和果酸。南美高原的平衡之作，每天早晨的第一杯。', '{\"roast\": \"中烘\", \"flavor\": \"焦糖,坚果,可可,柔酸\", \"origin\": \"哥伦比亚\", \"videos\": {\"youtube\": \"\", \"bilibili\": \"\"}, \"process\": \"水洗\", \"variety\": \"铁皮卡\"}', NULL, NULL, NULL, NULL, 'manual', 1, '2026-05-28 22:10:23', '2026-05-28 22:10:23', NULL);
INSERT INTO `items` (`id`, `type`, `title`, `slug`, `cover_url`, `wide_cover_url`, `description`, `info_json`, `media_url`, `poster_url`, `external_link`, `external_id`, `source`, `status`, `created_at`, `updated_at`, `carousel_order`) VALUES (423, 'coffee', '危地马拉 安提瓜', 'guatemala-antigua', 'https://picsum.photos/seed/guatemala/600/400', NULL, '火山土壤孕育的浓郁巧克力韵，烟熏尾调。三座火山环绕的传奇产区。', '{\"roast\": \"中深烘\", \"flavor\": \"巧克力,烟熏,香料,醇厚\", \"origin\": \"危地马拉\", \"videos\": {\"youtube\": \"\", \"bilibili\": \"\"}, \"process\": \"水洗\", \"variety\": \"波旁\"}', NULL, NULL, NULL, NULL, 'manual', 1, '2026-05-28 22:10:23', '2026-06-03 16:37:25', 1);
INSERT INTO `items` (`id`, `type`, `title`, `slug`, `cover_url`, `wide_cover_url`, `description`, `info_json`, `media_url`, `poster_url`, `external_link`, `external_id`, `source`, `status`, `created_at`, `updated_at`, `carousel_order`) VALUES (424, 'coffee', '肯尼亚 AA', 'kenya-aa', 'https://picsum.photos/seed/kenya/600/400', NULL, '乌梅与黑加仑的爆炸果酸，明亮如肯尼亚的阳光。SL28/SL34 的完美演绎。', '{\"roast\": \"浅烘\", \"flavor\": \"乌梅,番茄,黑加仑,明亮酸\", \"origin\": \"肯尼亚\", \"videos\": {\"youtube\": \"\", \"bilibili\": \"\"}, \"process\": \"水洗\", \"variety\": \"SL28\"}', NULL, NULL, NULL, NULL, 'manual', 1, '2026-05-28 22:10:23', '2026-05-28 22:10:23', NULL);
INSERT INTO `items` (`id`, `type`, `title`, `slug`, `cover_url`, `wide_cover_url`, `description`, `info_json`, `media_url`, `poster_url`, `external_link`, `external_id`, `source`, `status`, `created_at`, `updated_at`, `carousel_order`) VALUES (425, 'coffee', '印尼 曼特宁', 'indonesia-mandheling', 'https://picsum.photos/seed/mandheling/600/400', NULL, '草药与黑巧的厚重底蕴，焦糖回甘。苏门答腊湿刨法的独特魅力。', '{\"roast\": \"深烘\", \"flavor\": \"草药,黑巧,焦糖,厚重\", \"origin\": \"印尼\", \"videos\": {\"youtube\": \"\", \"bilibili\": \"\"}, \"process\": \"湿刨法\", \"variety\": \"曼特宁\"}', NULL, NULL, NULL, NULL, 'manual', 1, '2026-05-28 22:10:23', '2026-06-03 16:37:25', 2);
INSERT INTO `items` (`id`, `type`, `title`, `slug`, `cover_url`, `wide_cover_url`, `description`, `info_json`, `media_url`, `poster_url`, `external_link`, `external_id`, `source`, `status`, `created_at`, `updated_at`, `carousel_order`) VALUES (426, 'coffee', '哥斯达黎加 塔拉珠', 'costa-rica-tarrazu', 'https://picsum.photos/seed/costarica/600/400', NULL, '蜂蜜与太妃糖的甜蜜拥抱，顺滑如丝。蜜处理带来的惊人甜感。', '{\"roast\": \"中烘\", \"flavor\": \"蜂蜜,杏桃,太妃糖,顺滑\", \"origin\": \"哥斯达黎加\", \"videos\": {\"youtube\": \"\", \"bilibili\": \"\"}, \"process\": \"蜜处理\", \"variety\": \"卡杜艾\"}', NULL, NULL, NULL, NULL, 'manual', 1, '2026-05-28 22:10:23', '2026-05-28 22:10:23', NULL);
INSERT INTO `items` (`id`, `type`, `title`, `slug`, `cover_url`, `wide_cover_url`, `description`, `info_json`, `media_url`, `poster_url`, `external_link`, `external_id`, `source`, `status`, `created_at`, `updated_at`, `carousel_order`) VALUES (427, 'coffee', '巴拿马 瑰夏', 'panama-geisha', 'https://picsum.photos/seed/geisha/600/400', NULL, '花香与佛手柑的优雅交响，蜜桃茶感。竞标级别的传奇咖啡，一生必尝。', '{\"roast\": \"浅烘\", \"flavor\": \"花香,佛手柑,蜜桃,茶感\", \"origin\": \"巴拿马\", \"videos\": {\"youtube\": \"\", \"bilibili\": \"\"}, \"process\": \"水洗\", \"variety\": \"瑰夏\"}', NULL, NULL, NULL, NULL, 'manual', 1, '2026-05-28 22:10:23', '2026-05-28 22:10:23', NULL);
INSERT INTO `items` (`id`, `type`, `title`, `slug`, `cover_url`, `wide_cover_url`, `description`, `info_json`, `media_url`, `poster_url`, `external_link`, `external_id`, `source`, `status`, `created_at`, `updated_at`, `carousel_order`) VALUES (428, 'coffee', '中国云南 小粒咖啡', 'yunnan-arabica', 'https://picsum.photos/seed/yunnan/600/400', NULL, '红酒与菠萝蜜的热带风情，黑糖甜醇。云南高海拔日晒的惊喜之作。', '{\"roast\": \"中深烘\", \"flavor\": \"红酒,菠萝蜜,黑糖,热带果\", \"origin\": \"中国云南\", \"videos\": {\"youtube\": \"\", \"bilibili\": \"\"}, \"process\": \"日晒\", \"variety\": \"卡蒂姆\"}', NULL, NULL, NULL, NULL, 'manual', 1, '2026-05-28 22:10:23', '2026-05-28 22:10:23', NULL);
INSERT INTO `items` (`id`, `type`, `title`, `slug`, `cover_url`, `wide_cover_url`, `description`, `info_json`, `media_url`, `poster_url`, `external_link`, `external_id`, `source`, `status`, `created_at`, `updated_at`, `carousel_order`) VALUES (429, 'offline', 'teamLab 无界美术馆', 'teamlab-borderless', 'https://picsum.photos/seed/teamlab/600/400', NULL, '全球必看十大展览之一。6600㎡ 的光影宇宙，没有地图、没有路线，沉浸式探索无界艺术。', '{\"date\": \"常设展（长期）\", \"time\": \"10:30-20:30（周一闭馆）\", \"price\": \"¥229/人\", \"venue\": \"上海·黄浦滨江\", \"videos\": {\"youtube\": \"\", \"bilibili\": \"\"}, \"capacity\": \"\", \"difficulty\": \"\", \"event_type\": \"展览\", \"highlights\": \"互动装置,沉浸式,适合拍照,亲子友好\"}', NULL, NULL, NULL, NULL, 'manual', 1, '2026-05-28 22:30:13', '2026-06-09 07:13:29', 0);
INSERT INTO `items` (`id`, `type`, `title`, `slug`, `cover_url`, `wide_cover_url`, `description`, `info_json`, `media_url`, `poster_url`, `external_link`, `external_id`, `source`, `status`, `created_at`, `updated_at`, `carousel_order`) VALUES (430, 'offline', '不眠之夜 Sleep No More', 'sleep-no-more', 'https://picsum.photos/seed/sleepnomore/600/400', NULL, '纽约爆红至今的浸入式戏剧。戴着白色面具，在 90 个房间里跟随演员跑上跑下 3 小时。', '{\"date\": \"常驻演出（长期）\", \"time\": \"19:00/19:20/19:40 三场\", \"price\": \"¥590/人起\", \"venue\": \"上海·麦金侬酒店\", \"videos\": {\"youtube\": \"\", \"bilibili\": \"\"}, \"event_type\": \"沉浸式剧场\", \"highlights\": \"浸入式,莎剧改编,3小时,面具,酒店探险\"}', NULL, NULL, NULL, NULL, 'manual', 1, '2026-05-28 22:30:13', '2026-05-28 22:30:13', NULL);
INSERT INTO `items` (`id`, `type`, `title`, `slug`, `cover_url`, `wide_cover_url`, `description`, `info_json`, `media_url`, `poster_url`, `external_link`, `external_id`, `source`, `status`, `created_at`, `updated_at`, `carousel_order`) VALUES (431, 'offline', '弥生·日式沉浸密室', 'misen-escape', 'https://picsum.photos/seed/misen/600/400', NULL, 'X先生金牌密室。日式惊悚氛围拉满，实景搭建超过 200㎡，剧情反转令人头皮发麻。', '{\"date\": \"常驻（需预约）\", \"time\": \"10:00-22:00\", \"price\": \"¥198/人\", \"venue\": \"北京·朝阳大悦城\", \"videos\": {\"youtube\": \"\", \"bilibili\": \"\"}, \"capacity\": \"4-6人/场\", \"difficulty\": \"★★★★☆\", \"event_type\": \"密室逃脱\", \"highlights\": \"日式惊悚,实景,剧情反转,多结局\"}', NULL, NULL, NULL, NULL, 'manual', 1, '2026-05-28 22:30:13', '2026-06-03 16:37:28', 1);
INSERT INTO `items` (`id`, `type`, `title`, `slug`, `cover_url`, `wide_cover_url`, `description`, `info_json`, `media_url`, `poster_url`, `external_link`, `external_id`, `source`, `status`, `created_at`, `updated_at`, `carousel_order`) VALUES (432, 'offline', '凡几 Common Rare 市集', 'common-rare-market', 'https://picsum.photos/seed/market/600/400', NULL, '国内最好的设计市集之一。70+ 独立品牌、插画、手作、咖啡美食，每次主题都不同。', '{\"date\": \"不定期举办（关注官方）\", \"time\": \"11:00-19:00\", \"price\": \"¥49/人（早鸟）\", \"venue\": \"上海·现所/其他场地\", \"videos\": {\"youtube\": \"\", \"bilibili\": \"\"}, \"event_type\": \"市集\", \"highlights\": \"设计,手作,插画,美食,独立品牌\"}', NULL, NULL, NULL, NULL, 'manual', 1, '2026-05-28 22:30:13', '2026-05-28 22:30:13', NULL);
INSERT INTO `items` (`id`, `type`, `title`, `slug`, `cover_url`, `wide_cover_url`, `description`, `info_json`, `media_url`, `poster_url`, `external_link`, `external_id`, `source`, `status`, `created_at`, `updated_at`, `carousel_order`) VALUES (433, 'offline', '万能青年旅店 全国巡演', 'omnipotent-youth-live', 'https://picsum.photos/seed/wanqing/600/400', NULL, '万青十年磨一剑，《冀西南林路行》巡演。万人合唱《杀死那个石家庄人》的夜晚。', '{\"date\": \"2024-2025 巡演季\", \"time\": \"19:30 开场\", \"price\": \"¥380/580/880\", \"venue\": \"多城市巡演\", \"videos\": {\"youtube\": \"\", \"bilibili\": \"\"}, \"event_type\": \"Live\", \"highlights\": \"摇滚,独立,全场大合唱,必看现场\"}', NULL, NULL, NULL, NULL, 'manual', 1, '2026-05-28 22:30:13', '2026-05-28 22:30:13', NULL);
INSERT INTO `items` (`id`, `type`, `title`, `slug`, `cover_url`, `wide_cover_url`, `description`, `info_json`, `media_url`, `poster_url`, `external_link`, `external_id`, `source`, `status`, `created_at`, `updated_at`, `carousel_order`) VALUES (434, 'offline', '陶艺拉坯体验课', 'pottery-workshop', 'https://picsum.photos/seed/pottery/600/400', NULL, '零基础友好。2 小时从揉泥到拉坯成型，每人带走 2 件作品，老师全程指导。', '{\"date\": \"每周六/日（需预约）\", \"time\": \"14:00-16:00\", \"price\": \"¥268/人\", \"venue\": \"上海·永康路\", \"videos\": {\"youtube\": \"\", \"bilibili\": \"\"}, \"capacity\": \"6人/班\", \"event_type\": \"工作坊\", \"highlights\": \"手作,零基础,2小时,带走成品,解压\"}', NULL, NULL, NULL, NULL, 'manual', 1, '2026-05-28 22:30:13', '2026-05-28 22:30:13', NULL);
INSERT INTO `items` (`id`, `type`, `title`, `slug`, `cover_url`, `wide_cover_url`, `description`, `info_json`, `media_url`, `poster_url`, `external_link`, `external_id`, `source`, `status`, `created_at`, `updated_at`, `carousel_order`) VALUES (435, 'offline', '武康路历史建筑 Citywalk', 'wukang-road-citywalk', 'https://picsum.photos/seed/citywalk/600/400', NULL, '2 小时步行探索上海最优雅的街道。武康大楼、巴金故居、罗密欧阳台、密丹公寓。', '{\"date\": \"每周六/日\", \"time\": \"09:30-11:30\", \"price\": \"¥128/人\", \"venue\": \"上海·武康路（集合：武康大楼）\", \"videos\": {\"youtube\": \"\", \"bilibili\": \"\"}, \"capacity\": \"15人/团\", \"event_type\": \"城市探索\", \"highlights\": \"历史建筑,步行2h,专业讲解,适合拍照\"}', NULL, NULL, NULL, NULL, 'manual', 1, '2026-05-28 22:30:13', '2026-05-28 22:30:13', NULL);
INSERT INTO `items` (`id`, `type`, `title`, `slug`, `cover_url`, `wide_cover_url`, `description`, `info_json`, `media_url`, `poster_url`, `external_link`, `external_id`, `source`, `status`, `created_at`, `updated_at`, `carousel_order`) VALUES (436, 'offline', '安藤忠雄 回顾展', 'ando-exhibition', 'https://picsum.photos/seed/ando/600/400', NULL, '普利兹克奖得主安藤忠雄大型回顾展。光之教堂 1:1 再现，200+ 手稿与模型。', '{\"date\": \"2024.10.01 - 2025.01.19\", \"time\": \"10:00-18:30（周一闭馆）\", \"price\": \"¥150/人\", \"venue\": \"北京·UCCA 尤伦斯当代艺术中心\", \"videos\": {\"youtube\": \"\", \"bilibili\": \"\"}, \"event_type\": \"展览\", \"highlights\": \"建筑模型,手稿,光之教堂,清水混凝土,大师\"}', NULL, NULL, NULL, NULL, 'manual', 1, '2026-05-28 22:30:13', '2026-05-28 22:30:13', NULL);
INSERT INTO `items` (`id`, `type`, `title`, `slug`, `cover_url`, `wide_cover_url`, `description`, `info_json`, `media_url`, `poster_url`, `external_link`, `external_id`, `source`, `status`, `created_at`, `updated_at`, `carousel_order`) VALUES (452, 'game', 'Grand Theft Auto V', 'igdb-239064', 'https://images.igdb.com/igdb/image/upload/t_cover_big/co9751.jpg', NULL, 'This bundle contains the original version of Grand Theft Auto V, the standalone game Grand Theft Auto Online and the story mode add-on of Grand Theft Auto V.', '{\"year\": 2015, \"genre\": \"Shooter, Racing, Arcade\", \"theme\": \"Action, Comedy, Sandbox, Open world\", \"rating\": 87.5, \"videos\": {\"youtube\": \"https://www.youtube.com/embed/hvoD7ehZPcM\", \"bilibili\": \"\"}, \"trailer\": \"https://www.youtube.com/embed/hvoD7ehZPcM\", \"platform\": \"Xbox Series X|S, PlayStation 4, PC (Microsoft Windows), PlayStation 5, Xbox One\", \"websites\": \"https://store.steampowered.com/app/3240220/Grand_Theft_Auto_V_Enhanced/|https://store.epicgames.com/en-US/p/grand-theft-auto-v|https://www.xbox.com/en-gb/games/store/grand-theft-auto-v-xbox-one-xbox-series-x-s/9p8rqh67ttt1|https://store.playstation.com/en-gb/product/EP1004-PPSA01721_00-GTAVCROSSGENBUND|https://www.rockstargames.com/gta-v|https://www.twitch.tv/directory/category/grand-theft-auto-v|https://en.wikipedia.org/wiki/Grand_Theft_Auto_V|https://x.com/RockstarGames|https://www.facebook.com/grandtheftautoV|https://www.instagram.com/rockstargames|https://www.youtube.com/@RockstarGames|https://www.reddit.com/r/GTAV/|https://gta.wiki/w/Grand_Theft_Auto_V\", \"developer\": \"Rockstar North\", \"game_mode\": \"Single player, Multiplayer, Co-operative\", \"publisher\": \"Rockstar Games\", \"screenshots\": \"https://images.igdb.com/igdb/image/upload/t_screenshot_big/scocxg.jpg|https://images.igdb.com/igdb/image/upload/t_screenshot_big/scocxe.jpg|https://images.igdb.com/igdb/image/upload/t_screenshot_big/scocxf.jpg|https://images.igdb.com/igdb/image/upload/t_screenshot_big/scocxh.jpg|https://images.igdb.com/igdb/image/upload/t_screenshot_big/scocxi.jpg|https://images.igdb.com/igdb/image/upload/t_screenshot_big/scocxj.jpg\", \"rating_count\": 333, \"similar_games\": \"Dude Simulator 2, Rising World, Borderlands 3, Citadel: Forged With Fire, Days Gone, Miscreated, Empyrion: Galactic Survival, Dude Simulator, American Fugitive, Force of Nature\", \"demo_available\": false}', NULL, NULL, 'https://store.steampowered.com/app/3240220/Grand_Theft_Auto_V_Enhanced/', '239064', 'igdb', 0, '2026-06-23 18:55:35', '2026-06-23 18:55:35', NULL);
INSERT INTO `items` (`id`, `type`, `title`, `slug`, `cover_url`, `wide_cover_url`, `description`, `info_json`, `media_url`, `poster_url`, `external_link`, `external_id`, `source`, `status`, `created_at`, `updated_at`, `carousel_order`) VALUES (453, 'game', 'Grand Theft Auto: Double Pack', 'igdb-119155', 'https://images.igdb.com/igdb/image/upload/t_cover_big/co1tvf.jpg', NULL, 'The Grand Theft Auto Double-Pack combines the award-winning Grand Theft Auto 3 and Grand Theft Auto: Vice City together in one collectible release. From the dark and seedy streets of Liberty City\'s underworld to the glamorous hedonism of Vice City in the 1980\'s. Two towns, each brimming with limitless delights and degradation, where anything can happen. Two criminal sagas of greed and desperation that will take you into the world of Grand Theft Auto.', '{\"year\": 2003, \"genre\": \"Shooter, Racing, Simulator, Adventure\", \"theme\": \"Action, Open world\", \"rating\": 0, \"videos\": {\"youtube\": \"https://www.youtube.com/embed/FLyz3kq6p70\", \"bilibili\": \"\"}, \"trailer\": \"https://www.youtube.com/embed/FLyz3kq6p70\", \"platform\": \"Xbox, PlayStation 2\", \"websites\": \"https://www.rockstargames.com/|https://www.reddit.com/r/GTA|https://www.twitch.tv/directory/game/Grand%20Theft%20Auto%20III|https://gta.fandom.com/wiki/Grand_Theft_Auto_Double_Pack|https://en.wikipedia.org/wiki/Grand_Theft_Auto\", \"developer\": \"Rockstar North\", \"game_mode\": \"Single player\", \"publisher\": \"Rockstar Games\", \"screenshots\": \"https://images.igdb.com/igdb/image/upload/t_screenshot_big/sccq68.jpg|https://images.igdb.com/igdb/image/upload/t_screenshot_big/sccq69.jpg|https://images.igdb.com/igdb/image/upload/t_screenshot_big/sccq6c.jpg|https://images.igdb.com/igdb/image/upload/t_screenshot_big/sccq6a.jpg|https://images.igdb.com/igdb/image/upload/t_screenshot_big/sccq6b.jpg|https://images.igdb.com/igdb/image/upload/t_screenshot_big/sccq6d.jpg\", \"rating_count\": 0, \"similar_games\": \"Dude Simulator 2, Borderlands 3, Force of Nature, American Fugitive, Dude Simulator, Miscreated, Immortal: Unchained, The Elder Scrolls VI, Generation Zero, The Sinking City\", \"demo_available\": false}', NULL, NULL, 'https://www.igdb.com/games/119155', '119155', 'igdb', 0, '2026-06-23 18:55:36', '2026-06-23 18:55:36', NULL);
INSERT INTO `items` (`id`, `type`, `title`, `slug`, `cover_url`, `wide_cover_url`, `description`, `info_json`, `media_url`, `poster_url`, `external_link`, `external_id`, `source`, `status`, `created_at`, `updated_at`, `carousel_order`) VALUES (454, 'game', 'Grand Theft Auto V', 'igdb-1020', 'https://images.igdb.com/igdb/image/upload/t_cover_big/co2lbd.jpg', NULL, 'Grand Theft Auto V is a vast open world game set in Los Santos, a sprawling sun-soaked metropolis struggling to stay afloat in an era of economic uncertainty and cheap reality TV. The game blends storytelling and gameplay in new ways as players repeatedly jump in and out of the lives of the game’s three lead characters, playing all sides of the game’s interwoven story.', '{\"genre\": \"Shooter, Racing, Adventure\", \"videos\": {\"youtube\": \"https://www.youtube.com/embed/PIF_fqFZEuk\", \"bilibili\": \"\"}, \"demo_url\": \"\", \"platform\": \"PlayStation 3, PlayStation 4, PC (Microsoft Windows), Xbox 360, Xbox One\", \"developer\": \"Rockstar North\", \"demo_available\": false}', NULL, NULL, 'https://store.steampowered.com/app/271590', '1020', 'igdb', 1, '2026-06-23 18:55:36', '2026-06-23 18:56:21', NULL);
INSERT INTO `items` (`id`, `type`, `title`, `slug`, `cover_url`, `wide_cover_url`, `description`, `info_json`, `media_url`, `poster_url`, `external_link`, `external_id`, `source`, `status`, `created_at`, `updated_at`, `carousel_order`) VALUES (455, 'game', 'Grand Theft Auto VI', 'igdb-52189', 'https://images.igdb.com/igdb/image/upload/t_cover_big/cocaa5.jpg', NULL, 'Grand Theft Auto VI heads to the state of Leonida, home to the neon-soaked streets of Vice City and beyond in the biggest, most immersive evolution of the Grand Theft Auto series yet.', '{\"year\": 2026, \"genre\": \"Shooter, Racing, Adventure\", \"theme\": \"Action, Comedy, Sandbox, Open world\", \"rating\": 0, \"videos\": {\"youtube\": \"https://www.youtube.com/embed/QdBZY2fkU-0\", \"bilibili\": \"\"}, \"trailer\": \"https://www.youtube.com/embed/QdBZY2fkU-0\", \"platform\": \"Xbox Series X|S, PlayStation 5\", \"websites\": \"https://en.wikipedia.org/wiki/Grand_Theft_Auto_VI|https://www.xbox.com/en-US/games/store/-/9NL3WWNZLZZN|https://www.reddit.com/r/GTA6/|https://x.com/RockstarGames|https://discord.gg/rockstargames|https://store.playstation.com/en-us/concept/10000730|https://www.rockstargames.com/VI|https://youtube.com/@rockstargames|https://www.instagram.com/rockstargames|https://bsky.app/profile/rockstargames.com|https://www.facebook.com/rockstargames|https://gta.wiki/w/Grand_Theft_Auto_VI\", \"developer\": \"Rockstar Games\", \"game_mode\": \"Single player, Multiplayer, Co-operative\", \"publisher\": \"Take-Two Interactive\", \"screenshots\": \"https://images.igdb.com/igdb/image/upload/t_screenshot_big/scwpqj.jpg|https://images.igdb.com/igdb/image/upload/t_screenshot_big/scpsp7.jpg|https://images.igdb.com/igdb/image/upload/t_screenshot_big/scpsp6.jpg|https://images.igdb.com/igdb/image/upload/t_screenshot_big/scpsp8.jpg|https://images.igdb.com/igdb/image/upload/t_screenshot_big/scpsp9.jpg|https://images.igdb.com/igdb/image/upload/t_screenshot_big/sc10vlj.jpg|https://images.igdb.com/igdb/image/upload/t_screenshot_big/sc10vlk.jpg|https://images.igdb.com/igdb/image/upload/t_screenshot_big/sc10vll.jpg|https://images.igdb.com/igdb/image/upload/t_screenshot_big/sc10vlm.jpg|https://images.igdb.com/igdb/image/upload/t_screenshot_big/sc10vln.jpg|https://images.igdb.com/igdb/image/upload/t_screenshot_big/sc10vlo.jpg|https://images.igdb.com/igdb/image/upload/t_screenshot_big/sc10vlp.jpg|https://images.igdb.com/igdb/image/upload/t_screenshot_big/sc10vlq.jpg|https://images.igdb.com/igdb/image/upload/t_screenshot_big/sc10vlr.jpg|https://images.igdb.com/igdb/image/upload/t_screenshot_big/sc10vls.jpg|https://images.igdb.com/igdb/image/upload/t_screenshot_big/sc10vlt.jpg|https://images.igdb.com/igdb/image/upload/t_screenshot_big/sc10vlu.jpg|https://images.igdb.com/igdb/image/upload/t_screenshot_big/sc10vlv.jpg\", \"rating_count\": 0, \"similar_games\": \"Borderlands 3, Dude Simulator 2, Days Gone, Cyberpunk 2077, Force of Nature, American Fugitive, Citadel: Forged With Fire, Miscreated, Savage Lands, Dude Simulator\", \"demo_available\": false}', NULL, NULL, 'https://www.igdb.com/games/52189', '52189', 'igdb', 0, '2026-06-23 18:55:36', '2026-06-23 18:55:36', NULL);
INSERT INTO `items` (`id`, `type`, `title`, `slug`, `cover_url`, `wide_cover_url`, `description`, `info_json`, `media_url`, `poster_url`, `external_link`, `external_id`, `source`, `status`, `created_at`, `updated_at`, `carousel_order`) VALUES (456, 'game', 'Grand Theft Auto: Rio de Janeiro', 'igdb-163113', 'https://images.igdb.com/igdb/image/upload/t_cover_big/co4hhd.jpg', NULL, 'GTA: Rio de Janeiro is a mod of Grand Theft Auto: San Andreas. There are many different versions of the mod, by different people, but all of them try to change the aesthetics of the game (cars, ads, music and others) to new ones based on Rio de Janeiro, a Brazilian city known for being a tourism destination (and also for elevated crime rates). Some version of the mod also change the layout of the city for a new one resembling the Brazilian city.\nThis mod and it\'s variants were very popular in Brazil, where it was sold in parallel shops as a pirate game.', '{\"year\": 2018, \"genre\": \"Shooter\", \"theme\": \"Action, Non-fiction, Sandbox, Open world\", \"rating\": 0, \"videos\": {\"youtube\": \"\", \"bilibili\": \"\"}, \"trailer\": \"\", \"platform\": \"PC (Microsoft Windows), PlayStation 2\", \"websites\": \"\", \"developer\": \"\", \"game_mode\": \"Single player\", \"publisher\": \"\", \"screenshots\": \"https://images.igdb.com/igdb/image/upload/t_screenshot_big/scftzk.jpg|https://images.igdb.com/igdb/image/upload/t_screenshot_big/scftzj.jpg\", \"rating_count\": 0, \"similar_games\": \"Dude Simulator, Borderlands 3, Force of Nature, Citadel: Forged With Fire, Just Cause 4, Days Gone, Savage Lands, Miscreated, Dude Simulator 2, Rising World\", \"demo_available\": false}', NULL, NULL, 'https://www.igdb.com/games/163113', '163113', 'igdb', 0, '2026-06-23 18:55:36', '2026-06-23 18:55:36', NULL);
INSERT INTO `items` (`id`, `type`, `title`, `slug`, `cover_url`, `wide_cover_url`, `description`, `info_json`, `media_url`, `poster_url`, `external_link`, `external_id`, `source`, `status`, `created_at`, `updated_at`, `carousel_order`) VALUES (457, 'game', 'Grand Theft Auto: Brasil', 'igdb-163114', 'https://images.igdb.com/igdb/image/upload/t_cover_big/co3j7h.jpg', NULL, 'Grand Theft Auto: Brasil is a mod of Grand Theft Auto: San Andreas which changes everything in the game to match with the Brazilian theme. The city is changed to the city of Santos (which is located in the State of São Paulo).', '{\"year\": 2019, \"genre\": \"Shooter\", \"theme\": \"Action, Open world\", \"rating\": 0, \"videos\": {\"youtube\": \"https://www.youtube.com/embed/MuZIx9pdRqM\", \"bilibili\": \"\"}, \"trailer\": \"https://www.youtube.com/embed/MuZIx9pdRqM\", \"platform\": \"PC (Microsoft Windows)\", \"websites\": \"https://discord.gg/24NJsrc|https://tcgtabrasil.wixsite.com/tcgtabrasil|https://www.youtube.com/channel/UCDo6pvz5Kwsw3IG2WAE7wyA|https://www.facebook.com/tcgtabr\", \"developer\": \"MixMods\", \"game_mode\": \"Single player, Multiplayer\", \"publisher\": \"\", \"screenshots\": \"https://images.igdb.com/igdb/image/upload/t_screenshot_big/sccfb3.jpg|https://images.igdb.com/igdb/image/upload/t_screenshot_big/sccfb2.jpg|https://images.igdb.com/igdb/image/upload/t_screenshot_big/sccfb4.jpg|https://images.igdb.com/igdb/image/upload/t_screenshot_big/sccfb1.jpg\", \"rating_count\": 0, \"similar_games\": \"Borderlands 3, Dude Simulator, Call of Duty: Modern Warfare, Call of Duty: Mobile, Phantomers Insurreccion, Free Fire, The Elder Scrolls VI, Black Squad, GentleMoon 2, Rico\", \"demo_available\": false}', NULL, NULL, 'https://www.igdb.com/games/163114', '163114', 'igdb', 0, '2026-06-23 18:55:36', '2026-06-23 18:55:36', NULL);
INSERT INTO `items` (`id`, `type`, `title`, `slug`, `cover_url`, `wide_cover_url`, `description`, `info_json`, `media_url`, `poster_url`, `external_link`, `external_id`, `source`, `status`, `created_at`, `updated_at`, `carousel_order`) VALUES (458, 'game', 'Grand Theft Auto: Director\'s Cut', 'igdb-327467', 'https://images.igdb.com/igdb/image/upload/t_cover_big/co98u8.jpg', NULL, 'Grand Theft Auto: Director\'s Cut is a video game compilation, developed by DMA Design and published by Rockstar Games. It was first released in May 1999. The compilation contains two discs - Grand Theft Auto and Grand Theft Auto: London 1969.', '{\"year\": 1999, \"genre\": \"Shooter, Racing, Adventure\", \"theme\": \"Action, Sandbox, Open world\", \"rating\": 0, \"videos\": {\"youtube\": \"https://www.youtube.com/embed/Z7JyLZgHfUA\", \"bilibili\": \"\"}, \"trailer\": \"https://www.youtube.com/embed/Z7JyLZgHfUA\", \"platform\": \"PC (Microsoft Windows), DOS, PlayStation\", \"websites\": \"\", \"developer\": \"DMA Design\", \"game_mode\": \"Single player\", \"publisher\": \"Rockstar Games\", \"screenshots\": \"\", \"rating_count\": 0, \"similar_games\": \"Borderlands 3, Days Gone, Dude Simulator 2, Force of Nature, Citadel: Forged With Fire, Grand Theft Auto VI, American Fugitive, Savage Lands, Dude Simulator, Miscreated\", \"demo_available\": false}', NULL, NULL, 'https://www.igdb.com/games/327467', '327467', 'igdb', 0, '2026-06-23 18:55:36', '2026-06-23 18:55:36', NULL);
INSERT INTO `items` (`id`, `type`, `title`, `slug`, `cover_url`, `wide_cover_url`, `description`, `info_json`, `media_url`, `poster_url`, `external_link`, `external_id`, `source`, `status`, `created_at`, `updated_at`, `carousel_order`) VALUES (459, 'game', 'Grand Theft Auto III', 'igdb-730', 'https://images.igdb.com/igdb/image/upload/t_cover_big/co2lb8.jpg', NULL, 'Featuring a fully 3-D living city, a combination of narrative driven and non-linear gameplay and a completely open environment, Grand Theft Auto III represents a huge leap forward in interactive entertainment. For the first time, players are put at the heart of their very own gangster movie, and let loose in a fully-realised 3 dimensional city, in which anything can happen and probably will.\n\nWith a cast of hundreds, 50 plus vehicles, ranging from sports cars to ice cream trucks and from boats to buses, 3 hours of music, including opera, reggae, house, drum and bass, pop and disco, a huge array of street ready weapons and some of the seediest characters in video game history, Grand Theft Auto 3 is a sprawling epic which will show you that sometimes, crime can pay and sometimes it can pay you back. Available now for PlayStation2, Xbox, PC and Macintosh.', '{\"year\": 2001, \"genre\": \"Shooter, Racing, Simulator, Adventure\", \"theme\": \"Action, Sandbox, Open world\", \"rating\": 84.6, \"videos\": {\"youtube\": \"https://www.youtube.com/embed/PtbUORusNvo\", \"bilibili\": \"\"}, \"trailer\": \"https://www.youtube.com/embed/PtbUORusNvo\", \"platform\": \"Xbox, PlayStation 4, Android, PC (Microsoft Windows), iOS, Mac, PlayStation 2\", \"websites\": \"https://store.steampowered.com/app/12100|https://apps.apple.com/us/app/grand-theft-auto-iii/id479662730|https://play.google.com/store/apps/details?id=com.rockstar.gta3|https://apps.apple.com/us/app/grand-theft-auto-iii/id479662730|http://www.rockstargames.com/grandtheftauto3|https://www.twitch.tv/directory/game/Grand%20Theft%20Auto%20III|https://en.wikipedia.org/wiki/Grand_Theft_Auto_III|https://gta.wiki/w/Grand_Theft_Auto_III\", \"developer\": \"DMA Design\", \"game_mode\": \"Single player\", \"publisher\": \"Take-Two Interactive\", \"screenshots\": \"https://images.igdb.com/igdb/image/upload/t_screenshot_big/sch5kn.jpg|https://images.igdb.com/igdb/image/upload/t_screenshot_big/sch5kp.jpg|https://images.igdb.com/igdb/image/upload/t_screenshot_big/sch5kq.jpg|https://images.igdb.com/igdb/image/upload/t_screenshot_big/sch5ky.jpg|https://images.igdb.com/igdb/image/upload/t_screenshot_big/sch5l1.jpg|https://images.igdb.com/igdb/image/upload/t_screenshot_big/sch5l2.jpg|https://images.igdb.com/igdb/image/upload/t_screenshot_big/sch5l3.jpg|https://images.igdb.com/igdb/image/upload/t_screenshot_big/sch5l4.jpg|https://images.igdb.com/igdb/image/upload/t_screenshot_big/sch5l5.jpg|https://images.igdb.com/igdb/image/upload/t_screenshot_big/sch5kw.jpg\", \"rating_count\": 1591, \"similar_games\": \"Grand Theft Auto IV, Grand Theft Auto, Grand Theft Auto: Vice City, Grand Theft Auto V, Grand Theft Auto 2, Watch Dogs 2, Sleeping Dogs, Grand Theft Auto: San Andreas, Grand Theft Auto: Vice City Stories, Dude Simulator 2\", \"demo_available\": false}', NULL, NULL, 'https://store.steampowered.com/app/12100', '730', 'igdb', 0, '2026-06-23 18:55:36', '2026-06-23 18:55:36', NULL);
INSERT INTO `items` (`id`, `type`, `title`, `slug`, `cover_url`, `wide_cover_url`, `description`, `info_json`, `media_url`, `poster_url`, `external_link`, `external_id`, `source`, `status`, `created_at`, `updated_at`, `carousel_order`) VALUES (460, 'game', 'Grand Theft Auto', 'igdb-980', 'https://images.igdb.com/igdb/image/upload/t_cover_big/co2lb0.jpg', NULL, 'Grand Theft Auto is the first game in the Grand Theft Auto series and a sandbox-crime game published by Rockstar Games.\n\nThe original Grand Theft Auto is made up of a series of levels each set in one of the three cities in the game. In each level, the player has a target number of points to achieve, and five lives to attain the score.\n\nThe score counter doubles as a money meter; the player can spend this money on paint jobs and various other things. However, any money spent is of course taken away from the score, making the goal that little bit further away.\n\nOn obtaining the target number of points, the player must then drive to a certain location to complete the level, which allows progress to the next one.', '{\"year\": 1997, \"genre\": \"Shooter, Racing, Adventure\", \"theme\": \"Action, Sandbox, Open world\", \"rating\": 75.1, \"videos\": {\"youtube\": \"https://www.youtube.com/embed/02kMHWKaMg8\", \"bilibili\": \"\"}, \"trailer\": \"https://www.youtube.com/embed/02kMHWKaMg8\", \"platform\": \"Nintendo 64, PC (Microsoft Windows), DOS, PlayStation\", \"websites\": \"https://store.steampowered.com/app/12170|http://www.rockstargames.com/classics/gta.html|https://en.wikipedia.org/wiki/Grand_Theft_Auto_(video_game)|https://www.reddit.com/r/GTA|https://www.twitch.tv/directory/game/Grand%20Theft%20Auto|https://gta.wiki/w/Grand_Theft_Auto_(1997_game)\", \"developer\": \"DMA Design\", \"game_mode\": \"Single player, Multiplayer\", \"publisher\": \"BMG Interactive\", \"screenshots\": \"https://images.igdb.com/igdb/image/upload/t_screenshot_big/vyg5gb8whxurxjyfqfnf.jpg|https://images.igdb.com/igdb/image/upload/t_screenshot_big/svjb1qvyctatpiqgawkj.jpg|https://images.igdb.com/igdb/image/upload/t_screenshot_big/pbofcxzxuwjk8uqfejvb.jpg|https://images.igdb.com/igdb/image/upload/t_screenshot_big/yk6qjnjxpdr5sxc2jnfj.jpg|https://images.igdb.com/igdb/image/upload/t_screenshot_big/issnz2fcwsf6mr2x0pgu.jpg\", \"rating_count\": 492, \"similar_games\": \"Grand Theft Auto 2, Grand Theft Auto: Vice City, Grand Theft Auto III, Watch Dogs 2, Grand Theft Auto: Vice City Stories, Grand Theft Auto IV, Grand Theft Auto V, Watch Dogs, Grand Theft Auto: San Andreas, Grand Theft Auto: Chinatown Wars\", \"demo_available\": false}', NULL, NULL, 'https://store.steampowered.com/app/12170', '980', 'igdb', 0, '2026-06-23 18:55:36', '2026-06-23 18:55:36', NULL);
INSERT INTO `items` (`id`, `type`, `title`, `slug`, `cover_url`, `wide_cover_url`, `description`, `info_json`, `media_url`, `poster_url`, `external_link`, `external_id`, `source`, `status`, `created_at`, `updated_at`, `carousel_order`) VALUES (461, 'game', 'Grand Theft Auto: Misterix', 'igdb-253324', 'https://images.igdb.com/igdb/image/upload/t_cover_big/co7ylz.jpg', NULL, 'A San Andreas hack that adds old school myths and classic horror monsters into the game for you to hunt!', '{\"year\": 2020, \"genre\": \"Shooter\", \"theme\": \"Horror\", \"rating\": 0, \"videos\": {\"youtube\": \"https://www.youtube.com/embed/tMa0ZGDKMNQ\", \"bilibili\": \"\"}, \"trailer\": \"https://www.youtube.com/embed/tMa0ZGDKMNQ\", \"platform\": \"PlayStation 2\", \"websites\": \"\", \"developer\": \"nadalao\", \"game_mode\": \"Single player\", \"publisher\": \"\", \"screenshots\": \"\", \"rating_count\": 0, \"similar_games\": \"F.E.A.R. 2: Project Origin, Bubble Fighter, Apsulov: End of Gods, Infliction, Five Nights at Freddy\'s, The Postman Shoots Twice, When Pigs Can Fly: Enter The Aporkalypse, Apollo 13: The Lost Tapes VR, City of the Evil Dead, 5 Nights At Grek\'s Hotel\", \"demo_available\": false}', NULL, NULL, 'https://www.igdb.com/games/253324', '253324', 'igdb', 0, '2026-06-23 18:55:36', '2026-06-23 18:55:36', NULL);
INSERT INTO `items` (`id`, `type`, `title`, `slug`, `cover_url`, `wide_cover_url`, `description`, `info_json`, `media_url`, `poster_url`, `external_link`, `external_id`, `source`, `status`, `created_at`, `updated_at`, `carousel_order`) VALUES (462, 'game', 'Tukoni: Forest Keepers', 'igdb-141273', 'https://images.igdb.com/igdb/image/upload/t_cover_big/coa6c9.jpg', NULL, 'Tukoni: Forest Keepers is a cute and cozy puzzle adventure, based on a series of award-winning books by the Ukrainian artist Oksana Bula. Play as the forest spirit Tukoni as you meet unique characters, solve captivating puzzles, brew fragrant tea and explore a magical world filled with kindness.', '{\"year\": 2026, \"genre\": \"Point-and-click, Platform, Puzzle, Adventure, Indie\", \"theme\": \"Fantasy, Kids\", \"rating\": 75.9, \"videos\": {\"youtube\": \"https://www.youtube.com/embed/9EoytHy0uyg\", \"bilibili\": \"\"}, \"trailer\": \"https://www.youtube.com/embed/9EoytHy0uyg\", \"platform\": \"PC (Microsoft Windows)\", \"websites\": \"https://www.facebook.com/TukoniTribe|https://x.com/dreamoperator|https://www.instagram.com/tukoni_tribe/|https://store.steampowered.com/app/2933200/Tukoni_Forest_Keepers/|https://bsky.app/profile/dream-operator.bsky.social|https://tukoni.itch.io/tukoni|https://store.epicgames.com/en-US/p/tukoni-forest-keepers-7ef952|https://discord.gg/Vrh2wBvGhx|https://www.youtube.com/@Dream.Operator|https://www.twitch.tv/directory/game/Tukoni|https://tukoni.world/|https://uk.wikipedia.org/wiki/Tukoni|https://www.gog.com/en/game/tukoni_forest_keepers\", \"developer\": \"\", \"game_mode\": \"Single player\", \"publisher\": \"\", \"screenshots\": \"https://images.igdb.com/igdb/image/upload/t_screenshot_big/scy5ie.jpg|https://images.igdb.com/igdb/image/upload/t_screenshot_big/scy5ij.jpg|https://images.igdb.com/igdb/image/upload/t_screenshot_big/scy5if.jpg|https://images.igdb.com/igdb/image/upload/t_screenshot_big/scy5ig.jpg|https://images.igdb.com/igdb/image/upload/t_screenshot_big/scy5ih.jpg|https://images.igdb.com/igdb/image/upload/t_screenshot_big/scy5ii.jpg\", \"rating_count\": 10, \"similar_games\": \"\", \"demo_available\": false}', NULL, NULL, 'https://store.steampowered.com/app/2933200/Tukoni_Forest_Keepers/', '141273', 'igdb', 0, '2026-06-23 19:00:23', '2026-06-23 19:00:23', NULL);
INSERT INTO `items` (`id`, `type`, `title`, `slug`, `cover_url`, `wide_cover_url`, `description`, `info_json`, `media_url`, `poster_url`, `external_link`, `external_id`, `source`, `status`, `created_at`, `updated_at`, `carousel_order`) VALUES (463, 'game', 'Backrooms: Escape Together', 'igdb-220348', 'https://images.igdb.com/igdb/image/upload/t_cover_big/co8o6i.jpg', NULL, 'A visually lifelike 1-6 player co-op survival horror made in Unreal Engine 5. Explore procedurally generated levels that host liminal environments, puzzles, and entities with new levels and content added regularly. You are at the mercy of what\'s lurking and must do whatever it takes to escape.', '{\"year\": 2026, \"genre\": \"Adventure, Indie\", \"theme\": \"Horror, Survival\", \"rating\": 79.8, \"videos\": {\"youtube\": \"https://www.youtube.com/embed/jmv21__96HA\", \"bilibili\": \"\"}, \"trailer\": \"https://www.youtube.com/embed/jmv21__96HA\", \"platform\": \"PC (Microsoft Windows), PlayStation 5\", \"websites\": \"https://store.steampowered.com/app/2141730|https://www.youtube.com/@BackroomsEscapeTogether|https://discord.gg/Cb4pQdCDX6|https://store.playstation.com/en-us/product/UB1588-PPSA29906_00-0549164535498989|https://www.backroomsescapetogether.com/|https://www.twitch.tv/directory/game/Backrooms:%20Escape%20Together\", \"developer\": \"\", \"game_mode\": \"Single player, Multiplayer, Co-operative\", \"publisher\": \"\", \"screenshots\": \"https://images.igdb.com/igdb/image/upload/t_screenshot_big/scj7oy.jpg|https://images.igdb.com/igdb/image/upload/t_screenshot_big/sctnzt.jpg|https://images.igdb.com/igdb/image/upload/t_screenshot_big/sctnzx.jpg|https://images.igdb.com/igdb/image/upload/t_screenshot_big/sctnzy.jpg|https://images.igdb.com/igdb/image/upload/t_screenshot_big/sctnzz.jpg|https://images.igdb.com/igdb/image/upload/t_screenshot_big/scto00.jpg\", \"rating_count\": 18, \"similar_games\": \"\", \"demo_available\": false}', NULL, NULL, 'https://store.steampowered.com/app/2141730', '220348', 'igdb', 0, '2026-06-23 19:00:23', '2026-06-23 19:00:23', NULL);
INSERT INTO `items` (`id`, `type`, `title`, `slug`, `cover_url`, `wide_cover_url`, `description`, `info_json`, `media_url`, `poster_url`, `external_link`, `external_id`, `source`, `status`, `created_at`, `updated_at`, `carousel_order`) VALUES (464, 'game', 'Gothic 1 Remake', 'igdb-148227', 'https://images.igdb.com/igdb/image/upload/t_cover_big/co9lfu.jpg', NULL, 'Gothic 1 Remake is an action role-playing game set in a third-person perspective within a fantasy open world. It is a remake of the 2001 game Gothic, developed by Alkimia Interactive using Unreal Engine 5. The player controls a nameless prisoner sent into the Valley of Mines, a penal colony surrounded by a magical barrier. The game features NPC routines, faction-based quest paths, and a progression system where the player starts with no skills and must learn them from trainers. Navigation is done without a minimap, and the game world is 10 to 30 percent larger than the original, with expanded chapters and additional quest content. Combat and skill systems are based on the original game\'s design.', '{\"year\": 2026, \"genre\": \"Role-playing (RPG), Adventure\", \"theme\": \"Action, Fantasy, Open world\", \"rating\": 88.5, \"videos\": {\"youtube\": \"https://www.youtube.com/embed/u2lQjmmW1B0\", \"bilibili\": \"\"}, \"trailer\": \"https://www.youtube.com/embed/u2lQjmmW1B0\", \"platform\": \"Xbox Series X|S, PC (Microsoft Windows), PlayStation 5\", \"websites\": \"https://store.steampowered.com/app/1297900/Gothic_1_Remake|https://www.twitch.tv/directory/category/gothic-1-remake|https://www.gog.com/game/gothic_1_remake|https://www.instagram.com/thegothicgame|https://discord.gg/invite/gothic|https://twitter.com/gothicthegame|http://www.gothic-game.com|https://www.youtube.com/@thegothicgame|https://store.playstation.com/en-us/concept/10005976|https://en.wikipedia.org/wiki/Gothic_1_Remake|https://www.xbox.com/en-us/games/store/gothic-1-remake/9nbrlcpw4zgv|https://gothic.wiki/w/Gothic_1_Remake\", \"developer\": \"\", \"game_mode\": \"Single player\", \"publisher\": \"\", \"screenshots\": \"https://images.igdb.com/igdb/image/upload/t_screenshot_big/sc9o8z.jpg|https://images.igdb.com/igdb/image/upload/t_screenshot_big/sc9o90.jpg|https://images.igdb.com/igdb/image/upload/t_screenshot_big/sc9o91.jpg|https://images.igdb.com/igdb/image/upload/t_screenshot_big/sc9o92.jpg|https://images.igdb.com/igdb/image/upload/t_screenshot_big/sc9o93.jpg\", \"rating_count\": 20, \"similar_games\": \"\", \"demo_available\": false}', NULL, NULL, 'https://store.steampowered.com/app/1297900/Gothic_1_Remake', '148227', 'igdb', 0, '2026-06-23 19:00:23', '2026-06-23 19:00:23', NULL);
INSERT INTO `items` (`id`, `type`, `title`, `slug`, `cover_url`, `wide_cover_url`, `description`, `info_json`, `media_url`, `poster_url`, `external_link`, `external_id`, `source`, `status`, `created_at`, `updated_at`, `carousel_order`) VALUES (465, 'game', 'Mina the Hollower', 'igdb-189781', 'https://images.igdb.com/igdb/image/upload/t_cover_big/co4g15.jpg', NULL, 'Mina the Hollower is a bone-chilling action-adventure game featuring classic gameplay and an 8-bit aesthetic in the style of Game Boy Color, refined for the modern era.\n\nQuick and deliberate 60fps action combat, captivating world design, and top-down adventuring combine in a nostalgic blend. Whip foes, burrow through the ground, and explore a pixel-perfect world in Mina the Hollower, a brand new game from the developers who brought you Shovel Knight!', '{\"year\": 2026, \"genre\": \"Platform, Role-playing (RPG), Adventure, Indie\", \"theme\": \"Action, Fantasy, Horror\", \"rating\": 82.7, \"videos\": {\"youtube\": \"https://www.youtube.com/embed/_Fx0aJCRRpE\", \"bilibili\": \"\"}, \"trailer\": \"https://www.youtube.com/embed/_Fx0aJCRRpE\", \"platform\": \"Xbox Series X|S, Linux, Nintendo Switch 2, PC (Microsoft Windows), PlayStation 5, Mac, Nintendo Switch\", \"websites\": \"https://discord.gg/ebfPBH7J7Z|https://www.nintendo.com/us/store/products/mina-the-hollower-switch-2/|https://en.wikipedia.org/wiki/Mina_the_Hollower|https://www.instagram.com/yachtclubgames/|https://store.playstation.com/en-us/concept/10010918|https://bsky.app/profile/did:plc:n7bzcix7uj2kssdw2kt255ez|https://www.youtube.com/yachtclubgames/|https://www.facebook.com/YachtClubGames|https://twitter.com/YachtClubGames|https://store.steampowered.com/app/1875580/Mina_the_Hollower|https://www.yachtclubgames.com/games/mina-the-hollower|https://www.twitch.tv/directory/game/Mina%20the%20Hollower|https://www.gog.com/en/game/mina_the_hollower|https://www.xbox.com/en-us/games/store/mina-the-hollower/9nztglvs99x3|https://minathehollower.wiki.gg/|https://www.reddit.com/r/MinaTheHollower/\", \"developer\": \"\", \"game_mode\": \"Single player\", \"publisher\": \"\", \"screenshots\": \"https://images.igdb.com/igdb/image/upload/t_screenshot_big/scfkjl.jpg|https://images.igdb.com/igdb/image/upload/t_screenshot_big/scfkjm.jpg|https://images.igdb.com/igdb/image/upload/t_screenshot_big/scgr2b.jpg|https://images.igdb.com/igdb/image/upload/t_screenshot_big/scgr2c.jpg|https://images.igdb.com/igdb/image/upload/t_screenshot_big/scgr2d.jpg|https://images.igdb.com/igdb/image/upload/t_screenshot_big/scgr2e.jpg|https://images.igdb.com/igdb/image/upload/t_screenshot_big/scgr2f.jpg\", \"rating_count\": 21, \"similar_games\": \"\", \"demo_available\": false}', NULL, NULL, 'https://store.steampowered.com/app/1875580/Mina_the_Hollower', '189781', 'igdb', 0, '2026-06-23 19:00:23', '2026-06-23 19:00:23', NULL);
INSERT INTO `items` (`id`, `type`, `title`, `slug`, `cover_url`, `wide_cover_url`, `description`, `info_json`, `media_url`, `poster_url`, `external_link`, `external_id`, `source`, `status`, `created_at`, `updated_at`, `carousel_order`) VALUES (466, 'game', 'Wild Assault', 'igdb-288461', 'https://images.igdb.com/igdb/image/upload/t_cover_big/coa2s1.jpg', NULL, 'Wild Assault is an anthro-themed tactical shooter built with Unreal Engine 5, featuring large-scale battlefield gameplay centered around Valiant abilities. Work closely with your team, harness your instincts, and charge into battle to secure victory.', '{\"year\": 2026, \"genre\": \"Shooter, Tactical, Adventure, MOBA\", \"theme\": \"Action, Fantasy, Warfare\", \"rating\": 84.4, \"videos\": {\"youtube\": \"https://www.youtube.com/embed/J648VS5n2x0\", \"bilibili\": \"\"}, \"trailer\": \"https://www.youtube.com/embed/J648VS5n2x0\", \"platform\": \"PC (Microsoft Windows)\", \"websites\": \"https://www.facebook.com/WildAssault/|https://wildassault.wiki.gg/|https://store.epicgames.com/en-US/p/wildassault-05e6bc|https://bsky.app/profile/wildassault.com|https://twitter.com/WildAssaultGame|https://store.steampowered.com/app/2827230|https://www.youtube.com/@WildAssault/videos|https://discord.gg/invite/VcMqCTj7q2|https://www.wildassault.com/|https://www.twitch.tv/directory/category/wild-assault\", \"developer\": \"\", \"game_mode\": \"Multiplayer, Co-operative, Massively Multiplayer Online (MMO)\", \"publisher\": \"\", \"screenshots\": \"https://images.igdb.com/igdb/image/upload/t_screenshot_big/scvsrp.jpg|https://images.igdb.com/igdb/image/upload/t_screenshot_big/scvsrq.jpg|https://images.igdb.com/igdb/image/upload/t_screenshot_big/scvsrr.jpg|https://images.igdb.com/igdb/image/upload/t_screenshot_big/scvsrs.jpg|https://images.igdb.com/igdb/image/upload/t_screenshot_big/scvsrt.jpg|https://images.igdb.com/igdb/image/upload/t_screenshot_big/scvsru.jpg|https://images.igdb.com/igdb/image/upload/t_screenshot_big/scvsrv.jpg|https://images.igdb.com/igdb/image/upload/t_screenshot_big/scvsrw.jpg|https://images.igdb.com/igdb/image/upload/t_screenshot_big/scvsrx.jpg|https://images.igdb.com/igdb/image/upload/t_screenshot_big/scvsry.jpg\", \"rating_count\": 10, \"similar_games\": \"\", \"demo_available\": false}', NULL, NULL, 'https://store.steampowered.com/app/2827230', '288461', 'igdb', 0, '2026-06-23 19:00:23', '2026-06-23 19:00:23', NULL);
INSERT INTO `items` (`id`, `type`, `title`, `slug`, `cover_url`, `wide_cover_url`, `description`, `info_json`, `media_url`, `poster_url`, `external_link`, `external_id`, `source`, `status`, `created_at`, `updated_at`, `carousel_order`) VALUES (467, 'game', '007 First Light', 'igdb-141114', 'https://images.igdb.com/igdb/image/upload/t_cover_big/coaoiz.jpg', NULL, '007 First Light is a thrilling espionage action-adventure game from IO Interactive. Players follow James Bond as a young, resourceful, and sometimes reckless recruit in MI6\'s training program and discover an origin story of the world\'s most famous spy.', '{\"year\": 2026, \"genre\": \"Shooter, Adventure\", \"theme\": \"Action, Stealth\", \"rating\": 82.0, \"videos\": {\"youtube\": \"https://www.youtube.com/embed/slAhuh21ii8\", \"bilibili\": \"\"}, \"trailer\": \"https://www.youtube.com/embed/slAhuh21ii8\", \"platform\": \"Xbox Series X|S, Nintendo Switch 2, PC (Microsoft Windows), PlayStation 5\", \"websites\": \"https://jamesbond.fandom.com/wiki/007_First_Light|https://discord.gg/007gameioi|https://www.youtube.com/@007GameIOI|https://www.instagram.com/007GameIOI|https://en.wikipedia.org/wiki/007_First_Light|https://www.facebook.com/007Gameioi|https://bsky.app/profile/007game.ioi.dk|https://store.epicgames.com/p/007-first-light-182cea|https://ioi.dk/007firstlightgame|https://store.steampowered.com/app/3768760/007_First_Light/|https://www.xbox.com/en-us/games/store/007-first-light/9pn198b459vb|https://store.playstation.com/en-us/concept/10006560/|https://www.reddit.com/r/007FirstLight/|https://x.com/IOInteractive|https://www.twitch.tv/directory/category/007-first-light\", \"developer\": \"\", \"game_mode\": \"Single player\", \"publisher\": \"\", \"screenshots\": \"https://images.igdb.com/igdb/image/upload/t_screenshot_big/scx79u.jpg|https://images.igdb.com/igdb/image/upload/t_screenshot_big/scx79v.jpg|https://images.igdb.com/igdb/image/upload/t_screenshot_big/scx79w.jpg|https://images.igdb.com/igdb/image/upload/t_screenshot_big/scx79x.jpg|https://images.igdb.com/igdb/image/upload/t_screenshot_big/scyx6q.jpg|https://images.igdb.com/igdb/image/upload/t_screenshot_big/scyx6r.jpg|https://images.igdb.com/igdb/image/upload/t_screenshot_big/scz0hs.jpg|https://images.igdb.com/igdb/image/upload/t_screenshot_big/scz0ht.jpg\", \"rating_count\": 87, \"similar_games\": \"\", \"demo_available\": false}', NULL, NULL, 'https://store.steampowered.com/app/3768760/007_First_Light/', '141114', 'igdb', 0, '2026-06-23 19:00:23', '2026-06-23 19:00:23', NULL);
INSERT INTO `items` (`id`, `type`, `title`, `slug`, `cover_url`, `wide_cover_url`, `description`, `info_json`, `media_url`, `poster_url`, `external_link`, `external_id`, `source`, `status`, `created_at`, `updated_at`, `carousel_order`) VALUES (468, 'game', 'LEGO Batman: Legacy of the Dark Knight', 'igdb-361855', 'https://images.igdb.com/igdb/image/upload/t_cover_big/coab09.jpg', NULL, 'Rise as the Dark Knight and experience the essential Batman story in a bold, action-packed adventure with hard-hitting combat, an open-world Gotham City, and the signature LEGO charm that fans know and love.', '{\"year\": 2026, \"genre\": \"Puzzle, Adventure\", \"theme\": \"Action, Comedy\", \"rating\": 84.6, \"videos\": {\"youtube\": \"https://www.youtube.com/embed/1hQAoGj01Rc\", \"bilibili\": \"\"}, \"trailer\": \"https://www.youtube.com/embed/1hQAoGj01Rc\", \"platform\": \"Xbox Series X|S, Nintendo Switch 2, PC (Microsoft Windows), PlayStation 5\", \"websites\": \"https://store.playstation.com/en-us/concept/10008537|https://en.wikipedia.org/wiki/Lego_Batman:_Legacy_of_the_Dark_Knight|https://www.youtube.com/@WBGAMES|https://x.com/LEGODCGame|https://www.instagram.com/legodcgame/|https://www.facebook.com/LEGOBatmanGame/|https://store.steampowered.com/app/2215200|https://legobatmangame.com/|https://epicgames.com/p/lego-batman-legacy-of-the-dark-knight-c82b6b|https://www.nintendo.com/us/store/products/lego-batman-legacy-of-the-dark-knight-switch-2/|https://www.xbox.com/en-US/games/store/lego-batman-legacy-of-the-dark-knight/9PFKP8Z66G1J/0010|https://www.twitch.tv/directory/category/lego-batman-legacy-of-the-dark-knight|https://brickipedia.fandom.com/wiki/LEGO_Batman:_Legacy_of_the_Dark_Knight\", \"developer\": \"\", \"game_mode\": \"Single player, Multiplayer, Co-operative, Split screen\", \"publisher\": \"\", \"screenshots\": \"https://images.igdb.com/igdb/image/upload/t_screenshot_big/scymdu.jpg|https://images.igdb.com/igdb/image/upload/t_screenshot_big/scymdv.jpg|https://images.igdb.com/igdb/image/upload/t_screenshot_big/scymdw.jpg|https://images.igdb.com/igdb/image/upload/t_screenshot_big/scymdx.jpg|https://images.igdb.com/igdb/image/upload/t_screenshot_big/scymdy.jpg|https://images.igdb.com/igdb/image/upload/t_screenshot_big/scymdz.jpg\", \"rating_count\": 28, \"similar_games\": \"\", \"demo_available\": false}', NULL, NULL, 'https://store.steampowered.com/app/2215200', '361855', 'igdb', 0, '2026-06-23 19:00:23', '2026-06-23 19:00:23', NULL);
INSERT INTO `items` (`id`, `type`, `title`, `slug`, `cover_url`, `wide_cover_url`, `description`, `info_json`, `media_url`, `poster_url`, `external_link`, `external_id`, `source`, `status`, `created_at`, `updated_at`, `carousel_order`) VALUES (469, 'game', 'Forza Horizon 6', 'igdb-348330', 'https://images.igdb.com/igdb/image/upload/t_cover_big/cobc5n.jpg', NULL, 'Discover the breathtaking landscapes of Japan in over 550 real-world cars and become a racing Legend at the Horizon Festival. Start your journey as a tourist and explore a world full of hit music and Japanese culture. Build a Valley Estate, acquire awe-inspiring homes, and display your prized car collection in fully Customizable Garages. Cruise the roads with your friends and join Car Meets around Japan, unleash your imagination with EventLab and build together in Horizon CoLab.', '{\"year\": 2026, \"genre\": \"Racing, Simulator, Sport, Arcade\", \"theme\": \"Action, Open world\", \"rating\": 80.5, \"videos\": {\"youtube\": \"https://www.youtube.com/embed/VXedKqX5Wa4\", \"bilibili\": \"\"}, \"trailer\": \"https://www.youtube.com/embed/VXedKqX5Wa4\", \"platform\": \"Xbox Series X|S, PC (Microsoft Windows), PlayStation 5\", \"websites\": \"https://store.steampowered.com/app/2483190|https://www.xbox.com/en-us/games/store/forza-horizon-6/9nr1r1xwlcnb|https://www.twitch.tv/directory/category/forza-horizon-6|https://forza.net/|https://forza.fandom.com/wiki/Forza_Horizon_6|https://x.com/forzahorizon|https://www.facebook.com/forzamotorsport|https://www.instagram.com/forzahorizonofficial|https://www.youtube.com/@Forza|https://en.wikipedia.org/wiki/Forza_Horizon_6|https://www.reddit.com/r/ForzaHorizon|https://discord.gg/forza|https://bsky.app/profile/horizon.forza.net|https://store.playstation.com/en-us/concept/10016335\", \"developer\": \"\", \"game_mode\": \"Single player, Multiplayer, Co-operative\", \"publisher\": \"\", \"screenshots\": \"https://images.igdb.com/igdb/image/upload/t_screenshot_big/sc11fdi.jpg|https://images.igdb.com/igdb/image/upload/t_screenshot_big/sc11fdj.jpg|https://images.igdb.com/igdb/image/upload/t_screenshot_big/sc11fdk.jpg|https://images.igdb.com/igdb/image/upload/t_screenshot_big/sc11fdl.jpg|https://images.igdb.com/igdb/image/upload/t_screenshot_big/sc11fdp.jpg|https://images.igdb.com/igdb/image/upload/t_screenshot_big/sc11fdn.jpg|https://images.igdb.com/igdb/image/upload/t_screenshot_big/sc11fdm.jpg|https://images.igdb.com/igdb/image/upload/t_screenshot_big/sc11fdq.jpg|https://images.igdb.com/igdb/image/upload/t_screenshot_big/sc11fdo.jpg|https://images.igdb.com/igdb/image/upload/t_screenshot_big/sc13cgq.jpg|https://images.igdb.com/igdb/image/upload/t_screenshot_big/sc13cgr.jpg|https://images.igdb.com/igdb/image/upload/t_screenshot_big/sc13cgs.jpg|https://images.igdb.com/igdb/image/upload/t_screenshot_big/sc13cgt.jpg\", \"rating_count\": 58, \"similar_games\": \"\", \"demo_available\": false}', NULL, NULL, 'https://store.steampowered.com/app/2483190', '348330', 'igdb', 0, '2026-06-23 19:00:23', '2026-06-23 19:00:23', NULL);
INSERT INTO `items` (`id`, `type`, `title`, `slug`, `cover_url`, `wide_cover_url`, `description`, `info_json`, `media_url`, `poster_url`, `external_link`, `external_id`, `source`, `status`, `created_at`, `updated_at`, `carousel_order`) VALUES (470, 'game', 'Subnautica 2', 'igdb-320140', 'https://images.igdb.com/igdb/image/upload/t_cover_big/co8yd0.jpg', NULL, 'Subnautica 2 is an underwater survival adventure set on an all-new alien world, developed by Unknown Worlds. Play alone or with friends in 4-player co-op. Adapt to survive by building custom bases and crafting tools. Explore the unknown to uncover the mysteries hidden within the depths.', '{\"year\": 2026, \"genre\": \"Adventure\", \"theme\": \"Action, Science fiction, Survival\", \"rating\": 90.0, \"videos\": {\"youtube\": \"https://www.youtube.com/embed/WS0vTRl_2PQ\", \"bilibili\": \"\"}, \"trailer\": \"https://www.youtube.com/embed/WS0vTRl_2PQ\", \"platform\": \"Xbox Series X|S, PC (Microsoft Windows)\", \"websites\": \"https://discord.gg/subnautica|https://www.reddit.com/r/subnautica/|https://www.youtube.com/subnautica|https://store.epicgames.com/p/subnautica-2-d27f94|https://www.twitch.tv/directory/category/subnautica-2|https://www.xbox.com/en-US/games/store/subnautica-2/9PJPCB188SVG|https://bsky.app/profile/subnautica.bsky.social|https://twitter.com/Subnautica|https://www.subnautica.com/|https://www.instagram.com/subnautica|https://store.steampowered.com/app/1962700/|https://www.facebook.com/subnautica|https://wiki.subnautica.com/sn2/|https://en.wikipedia.org/wiki/Subnautica_2\", \"developer\": \"\", \"game_mode\": \"Single player, Multiplayer, Co-operative\", \"publisher\": \"\", \"screenshots\": \"https://images.igdb.com/igdb/image/upload/t_screenshot_big/scu8a0.jpg|https://images.igdb.com/igdb/image/upload/t_screenshot_big/scu8a1.jpg|https://images.igdb.com/igdb/image/upload/t_screenshot_big/scu8a2.jpg|https://images.igdb.com/igdb/image/upload/t_screenshot_big/scu8a3.jpg|https://images.igdb.com/igdb/image/upload/t_screenshot_big/scu85q.jpg|https://images.igdb.com/igdb/image/upload/t_screenshot_big/scu85r.jpg|https://images.igdb.com/igdb/image/upload/t_screenshot_big/scu85s.jpg|https://images.igdb.com/igdb/image/upload/t_screenshot_big/scu85t.jpg|https://images.igdb.com/igdb/image/upload/t_screenshot_big/scu85u.jpg|https://images.igdb.com/igdb/image/upload/t_screenshot_big/scu8a4.jpg|https://images.igdb.com/igdb/image/upload/t_screenshot_big/scu85v.jpg\", \"rating_count\": 34, \"similar_games\": \"\", \"demo_available\": false}', NULL, NULL, 'https://store.steampowered.com/app/1962700/', '320140', 'igdb', 0, '2026-06-23 19:00:23', '2026-06-23 19:00:23', NULL);
INSERT INTO `items` (`id`, `type`, `title`, `slug`, `cover_url`, `wide_cover_url`, `description`, `info_json`, `media_url`, `poster_url`, `external_link`, `external_id`, `source`, `status`, `created_at`, `updated_at`, `carousel_order`) VALUES (471, 'game', 'Mixtape', 'igdb-305157', 'https://images.igdb.com/igdb/image/upload/t_cover_big/coc2wi.jpg', NULL, 'Mixtape is a narrative adventure game developed by Beethoven & Dinosaur and published by Annapurna Interactive. Set during the last night of high school, it follows three friends as they revisit memories connected to music, youth and leaving home. The game combines story scenes with playable vignettes, including skating, parties, and other moments, all framed by a licensed soundtrack.', '{\"genre\": \"Music, Adventure, Indie, Visual Novel\", \"videos\": {\"youtube\": \"https://www.youtube.com/embed/cCTH8R6RD74\", \"bilibili\": \"\"}, \"demo_url\": \"\", \"platform\": \"Xbox Series X|S, Nintendo Switch 2, PC (Microsoft Windows), PlayStation 5\", \"developer\": \"\", \"demo_available\": false}', NULL, NULL, 'https://store.steampowered.com/app/2582320/Mixtape/', '305157', 'igdb', 1, '2026-06-23 19:00:23', '2026-06-23 19:00:45', NULL);
COMMIT;

-- ----------------------------
-- Table structure for reviews
-- ----------------------------
DROP TABLE IF EXISTS `reviews`;
CREATE TABLE `reviews` (
  `id` bigint NOT NULL AUTO_INCREMENT,
  `user_id` bigint NOT NULL,
  `item_id` bigint NOT NULL,
  `rating` tinyint DEFAULT NULL,
  `comment` text,
  `created_at` datetime DEFAULT CURRENT_TIMESTAMP,
  PRIMARY KEY (`id`)
) ENGINE=InnoDB AUTO_INCREMENT=3 DEFAULT CHARSET=utf8mb4 COLLATE=utf8mb4_0900_ai_ci;

-- ----------------------------
-- Records of reviews
-- ----------------------------
BEGIN;
INSERT INTO `reviews` (`id`, `user_id`, `item_id`, `rating`, `comment`, `created_at`) VALUES (1, 7, 98, 5, '太感动了', '2026-06-04 00:44:28');
INSERT INTO `reviews` (`id`, `user_id`, `item_id`, `rating`, `comment`, `created_at`) VALUES (2, 6, 11, 5, '推荐一试', '2026-06-20 11:42:48');
COMMIT;

-- ----------------------------
-- Table structure for tags
-- ----------------------------
DROP TABLE IF EXISTS `tags`;
CREATE TABLE `tags` (
  `id` bigint NOT NULL AUTO_INCREMENT,
  `name` varchar(50) NOT NULL,
  PRIMARY KEY (`id`),
  UNIQUE KEY `name` (`name`)
) ENGINE=InnoDB AUTO_INCREMENT=338 DEFAULT CHARSET=utf8mb4 COLLATE=utf8mb4_0900_ai_ci;

-- ----------------------------
-- Records of tags
-- ----------------------------
BEGIN;
INSERT INTO `tags` (`id`, `name`) VALUES (246, '4x');
INSERT INTO `tags` (`id`, `name`) VALUES (221, 'action');
INSERT INTO `tags` (`id`, `name`) VALUES (296, 'action-rpg');
INSERT INTO `tags` (`id`, `name`) VALUES (280, 'adaptation');
INSERT INTO `tags` (`id`, `name`) VALUES (227, 'amuro');
INSERT INTO `tags` (`id`, `name`) VALUES (287, 'animation');
INSERT INTO `tags` (`id`, `name`) VALUES (329, 'anthropology');
INSERT INTO `tags` (`id`, `name`) VALUES (248, 'area-control');
INSERT INTO `tags` (`id`, `name`) VALUES (308, 'astray');
INSERT INTO `tags` (`id`, `name`) VALUES (301, 'award-winning');
INSERT INTO `tags` (`id`, `name`) VALUES (293, 'biography');
INSERT INTO `tags` (`id`, `name`) VALUES (237, 'birds');
INSERT INTO `tags` (`id`, `name`) VALUES (275, 'campaign');
INSERT INTO `tags` (`id`, `name`) VALUES (291, 'card-drafting');
INSERT INTO `tags` (`id`, `name`) VALUES (241, 'char-counterattack');
INSERT INTO `tags` (`id`, `name`) VALUES (300, 'chinese');
INSERT INTO `tags` (`id`, `name`) VALUES (292, 'civilization');
INSERT INTO `tags` (`id`, `name`) VALUES (288, 'comedy');
INSERT INTO `tags` (`id`, `name`) VALUES (261, 'complex');
INSERT INTO `tags` (`id`, `name`) VALUES (259, 'coop');
INSERT INTO `tags` (`id`, `name`) VALUES (322, 'dark-fantasy');
INSERT INTO `tags` (`id`, `name`) VALUES (250, 'deck-building');
INSERT INTO `tags` (`id`, `name`) VALUES (234, 'dice');
INSERT INTO `tags` (`id`, `name`) VALUES (294, 'drama');
INSERT INTO `tags` (`id`, `name`) VALUES (310, 'dungeon-crawl');
INSERT INTO `tags` (`id`, `name`) VALUES (235, 'engine-building');
INSERT INTO `tags` (`id`, `name`) VALUES (279, 'epic');
INSERT INTO `tags` (`id`, `name`) VALUES (267, 'evangelion');
INSERT INTO `tags` (`id`, `name`) VALUES (252, 'exploration');
INSERT INTO `tags` (`id`, `name`) VALUES (231, 'family');
INSERT INTO `tags` (`id`, `name`) VALUES (254, 'fantasy');
INSERT INTO `tags` (`id`, `name`) VALUES (303, 'fm');
INSERT INTO `tags` (`id`, `name`) VALUES (317, 'fps');
INSERT INTO `tags` (`id`, `name`) VALUES (233, 'gateway');
INSERT INTO `tags` (`id`, `name`) VALUES (281, 'ghibli');
INSERT INTO `tags` (`id`, `name`) VALUES (305, 'gund-bit');
INSERT INTO `tags` (`id`, `name`) VALUES (249, 'heavy');
INSERT INTO `tags` (`id`, `name`) VALUES (295, 'history');
INSERT INTO `tags` (`id`, `name`) VALUES (257, 'hmm');
INSERT INTO `tags` (`id`, `name`) VALUES (264, 'horror');
INSERT INTO `tags` (`id`, `name`) VALUES (325, 'ibo');
INSERT INTO `tags` (`id`, `name`) VALUES (223, 'indie');
INSERT INTO `tags` (`id`, `name`) VALUES (253, 'jrpg');
INSERT INTO `tags` (`id`, `name`) VALUES (309, 'katanas');
INSERT INTO `tags` (`id`, `name`) VALUES (269, 'kaworu');
INSERT INTO `tags` (`id`, `name`) VALUES (276, 'legacy');
INSERT INTO `tags` (`id`, `name`) VALUES (228, 'manga');
INSERT INTO `tags` (`id`, `name`) VALUES (229, 'mecha');
INSERT INTO `tags` (`id`, `name`) VALUES (238, 'medium');
INSERT INTO `tags` (`id`, `name`) VALUES (326, 'melee');
INSERT INTO `tags` (`id`, `name`) VALUES (284, 'metroidvania');
INSERT INTO `tags` (`id`, `name`) VALUES (258, 'motorized');
INSERT INTO `tags` (`id`, `name`) VALUES (222, 'mythology');
INSERT INTO `tags` (`id`, `name`) VALUES (328, 'nonfiction');
INSERT INTO `tags` (`id`, `name`) VALUES (283, 'oscar');
INSERT INTO `tags` (`id`, `name`) VALUES (243, 'pg');
INSERT INTO `tags` (`id`, `name`) VALUES (245, 'psychoframe');
INSERT INTO `tags` (`id`, `name`) VALUES (230, 'psychological');
INSERT INTO `tags` (`id`, `name`) VALUES (240, 'rg');
INSERT INTO `tags` (`id`, `name`) VALUES (247, 'scifi');
INSERT INTO `tags` (`id`, `name`) VALUES (298, 'soulslike');
INSERT INTO `tags` (`id`, `name`) VALUES (260, 'strategy');
INSERT INTO `tags` (`id`, `name`) VALUES (263, 'survival');
INSERT INTO `tags` (`id`, `name`) VALUES (232, 'trading');
INSERT INTO `tags` (`id`, `name`) VALUES (265, 'traitor');
INSERT INTO `tags` (`id`, `name`) VALUES (255, 'turn-based');
INSERT INTO `tags` (`id`, `name`) VALUES (290, 'two-player');
INSERT INTO `tags` (`id`, `name`) VALUES (244, 'unicorn');
INSERT INTO `tags` (`id`, `name`) VALUES (273, 'wing');
INSERT INTO `tags` (`id`, `name`) VALUES (304, 'witch');
INSERT INTO `tags` (`id`, `name`) VALUES (251, 'worker-placement');
INSERT INTO `tags` (`id`, `name`) VALUES (256, 'zoids');
INSERT INTO `tags` (`id`, `name`) VALUES (336, '潮州');
INSERT INTO `tags` (`id`, `name`) VALUES (335, '潮汕');
INSERT INTO `tags` (`id`, `name`) VALUES (337, '猫和老鼠');
COMMIT;

-- ----------------------------
-- Table structure for user_items
-- ----------------------------
DROP TABLE IF EXISTS `user_items`;
CREATE TABLE `user_items` (
  `id` bigint NOT NULL AUTO_INCREMENT,
  `user_id` bigint NOT NULL,
  `item_id` bigint NOT NULL,
  `status` varchar(20) DEFAULT NULL COMMENT 'want_to_play, played, loved, dropped',
  `played_duration` int DEFAULT NULL COMMENT 'seconds',
  `note` text,
  `created_at` datetime DEFAULT CURRENT_TIMESTAMP,
  PRIMARY KEY (`id`),
  KEY `user_id` (`user_id`),
  KEY `item_id` (`item_id`),
  CONSTRAINT `user_items_ibfk_1` FOREIGN KEY (`user_id`) REFERENCES `users` (`id`),
  CONSTRAINT `user_items_ibfk_2` FOREIGN KEY (`item_id`) REFERENCES `items` (`id`)
) ENGINE=InnoDB AUTO_INCREMENT=21 DEFAULT CHARSET=utf8mb4 COLLATE=utf8mb4_0900_ai_ci;

-- ----------------------------
-- Records of user_items
-- ----------------------------
BEGIN;
INSERT INTO `user_items` (`id`, `user_id`, `item_id`, `status`, `played_duration`, `note`, `created_at`) VALUES (11, 6, 42, 'want_to_play', NULL, NULL, '2026-05-28 02:55:09');
INSERT INTO `user_items` (`id`, `user_id`, `item_id`, `status`, `played_duration`, `note`, `created_at`) VALUES (13, 7, 42, 'played', NULL, NULL, '2026-05-28 03:46:35');
INSERT INTO `user_items` (`id`, `user_id`, `item_id`, `status`, `played_duration`, `note`, `created_at`) VALUES (14, 7, 90, 'played', NULL, NULL, '2026-05-28 05:20:36');
INSERT INTO `user_items` (`id`, `user_id`, `item_id`, `status`, `played_duration`, `note`, `created_at`) VALUES (15, 8, 93, 'played', NULL, NULL, '2026-05-28 08:27:44');
INSERT INTO `user_items` (`id`, `user_id`, `item_id`, `status`, `played_duration`, `note`, `created_at`) VALUES (16, 7, 98, 'played', NULL, NULL, '2026-05-28 08:50:30');
INSERT INTO `user_items` (`id`, `user_id`, `item_id`, `status`, `played_duration`, `note`, `created_at`) VALUES (17, 6, 54, 'want_to_play', NULL, NULL, '2026-05-28 10:21:48');
INSERT INTO `user_items` (`id`, `user_id`, `item_id`, `status`, `played_duration`, `note`, `created_at`) VALUES (18, 6, 347, 'want_to_play', NULL, NULL, '2026-05-28 23:35:14');
INSERT INTO `user_items` (`id`, `user_id`, `item_id`, `status`, `played_duration`, `note`, `created_at`) VALUES (19, 6, 98, 'played', NULL, NULL, '2026-05-28 23:37:16');
INSERT INTO `user_items` (`id`, `user_id`, `item_id`, `status`, `played_duration`, `note`, `created_at`) VALUES (20, 6, 11, 'want_to_play', NULL, NULL, '2026-06-09 14:01:26');
COMMIT;

-- ----------------------------
-- Table structure for users
-- ----------------------------
DROP TABLE IF EXISTS `users`;
CREATE TABLE `users` (
  `id` bigint NOT NULL AUTO_INCREMENT,
  `username` varchar(50) NOT NULL,
  `email` varchar(100) NOT NULL,
  `password_hash` varchar(255) NOT NULL,
  `role` varchar(20) DEFAULT 'USER' COMMENT 'USER, ADMIN',
  `avatar` varchar(255) DEFAULT NULL,
  `created_at` datetime DEFAULT CURRENT_TIMESTAMP,
  PRIMARY KEY (`id`),
  UNIQUE KEY `username` (`username`),
  UNIQUE KEY `email` (`email`)
) ENGINE=InnoDB AUTO_INCREMENT=10 DEFAULT CHARSET=utf8mb4 COLLATE=utf8mb4_0900_ai_ci;

-- ----------------------------
-- Records of users
-- ----------------------------
BEGIN;
INSERT INTO `users` (`id`, `username`, `email`, `password_hash`, `role`, `avatar`, `created_at`) VALUES (6, 'admin', 'admin@demonet.local', '$2a$10$ciGiiFl6/3t/t7gha2CrreW6jy4TPIxt0JBJsUCTWPF58sNceXATq', 'ADMIN', NULL, '2026-05-27 18:39:42');
INSERT INTO `users` (`id`, `username`, `email`, `password_hash`, `role`, `avatar`, `created_at`) VALUES (7, 'Victor', 'Victor@gmail.com', '$2a$10$dLOb64.dN0F5tdbgnN3zoerf749/0dfwM6XS2g3vRnKsxKjcgLyte', 'USER', NULL, '2026-05-27 19:46:14');
INSERT INTO `users` (`id`, `username`, `email`, `password_hash`, `role`, `avatar`, `created_at`) VALUES (8, 'Test', 'Test@qq.com', '$2a$10$UHTY0nBD5vQG6o8c8cvIIO/ve7jkeM3ocgBXYoj8o4IxU.UB4S02K', 'USER', NULL, '2026-05-28 00:27:14');
INSERT INTO `users` (`id`, `username`, `email`, `password_hash`, `role`, `avatar`, `created_at`) VALUES (9, 'testuser', 'testuser@demo.local', '$2a$10$W96ojqN9.HAgg2YnLG.nyuULSjWCEpVk0s3OAtupX7I4IR4yx9euy', 'USER', NULL, '2026-06-09 02:49:23');
COMMIT;

SET FOREIGN_KEY_CHECKS = 1;
